cluster.index,componentindex,merge
9826,1492,X1001.4_8.1
1052,30,X1001.7_8.9
9539,-1,X1001.9_5
8617,-1,X1002.3_5.4
1609,-1,X1002.7_8.7
14395,-1,X1002.9_5.4
2986,405,X1004.4_6.2
2745,-1,X1004.5_4.8
2946,-1,X1004.7_4.5
12874,-1,X1005_4.9
20086,-1,X1005.1_4.7
5465,405,X1005.2_6.3
7017,-1,X1005.3_8.4
5185,-1,X1005.7_6.1
5474,-1,X1005.9_3.9
5032,-1,X1005.9_6.2
5346,-1,X1006.2_4.3
3703,-1,X1006.3_7.8
4212,363,X1006.4_6.2
4349,-1,X1006.5_6.1
4587,-1,X1006.7_4.3
4397,-1,X1007.1_4.2
927,-1,X1007.2_6.1
21240,-1,X1007.2_6.4
10242,-1,X1007.2_7
4715,-1,X1007.7_3.6
18813,-1,X1007.8_4
11371,-1,X1008.2_8.9
17808,806,X1008.6_5
5111,-1,X1008.8_8.2
20277,-1,X1009_6.8
11625,-1,X1009.4_8.2
9437,-1,X1009.5_5.7
8197,62,X1009.5_8
19157,-1,X1010.7_3.9
20226,-1,X1011.1_4.1
17557,-1,X1011.3_8.1
23037,541,X1011.5_6.2
7094,-1,X1012.2_6.1
18271,-1,X1012.7_4
31155,-1,X1013_2.5
19966,-1,X1013_6.1
752,-1,X1013.7_6.1
11305,-1,X1013.9_8
5650,-1,X1014.7_5.7
9856,1785,X1014.7_6.1
8214,-1,X1014.7_8.5
9352,-1,X1014.8_5.5
21173,-1,X1014.9_5.3
7729,-1,X1015.4_5.6
11196,-1,X1015.5_5.7
926,-1,X1015.7_6.1
5527,-1,X1016.2_5.5
9920,-1,X1016.4_6.1
19453,-1,X1016.4_6.4
9863,-1,X1016.6_6.2
9747,-1,X1016.8_4
9248,-1,X1017.2_4.8
3930,-1,X1017.4_7
9091,696,X1018.1_4
12140,-1,X1018.7_4
7333,-1,X1018.9_8
23449,696,X1019_4.1
12891,-1,X1020.7_4.3
20864,-1,X1021.1_5.8
25921,-1,X1021.4_4.2
11345,62,X1021.5_7.9
15834,-1,X1021.6_7.1
11330,-1,X1022.1_8.6
11352,-1,X1022.3_8.9
6752,-1,X1022.7_6.6
13168,-1,X1023.6_8.3
13683,-1,X1024.3_6.1
21646,-1,X1024.8_5.1
7114,-1,X1024.8_6.4
6594,-1,X1024.8_6.6
11296,30,X1024.9_8.5
14198,-1,X1025.6_6.6
11110,-1,X1026.2_8.5
23932,-1,X1026.3_5.1
15963,-1,X1026.8_4.8
11308,62,X1027.5_7.2
21391,-1,X1028.1_4.8
6966,-1,X1028.7_6.3
3640,-1,X1028.8_6.1
13199,-1,X1029.3_6.2
1527,62,X1029.6_7
9843,493,X1030.4_5.9
8106,-1,X1030.4_9
4576,-1,X1031_5
13146,-1,X1031.1_4.8
18942,493,X1031.4_5.9
11318,-1,X1031.8_7
11626,1492,X1032.1_8.5
10037,-1,X1034.2_8.4
4706,-1,X1034.5_6.2
11920,-1,X1034.9_5.1
10346,62,X1035_8.1
21145,-1,X1035.3_5.2
10313,-1,X1035.4_7.6
750,-1,X1035.6_6.1
10301,236,X1035.6_9
8091,62,X1035.7_8.1
23500,-1,X1036_5.2
18976,62,X1036.5_8.1
7136,-1,X1036.7_5.2
14649,62,X1037.1_8.5
13877,-1,X1037.6_5.2
986,62,X1037.6_8.6
18983,-1,X1037.8_4.3
20547,557,X1038.3_5.2
5531,1308,X1038.3_6.6
4875,-1,X1038.9_3.9
21954,-1,X1038.9_8
3263,-1,X1039.2_8.1
23334,-1,X1039.3_3.7
20575,-1,X1039.7_4.9
3174,-1,X1039.8_8.1
2843,-1,X1039.9_5.6
10030,-1,X1041.3_6.6
13945,-1,X1041.5_3
11383,62,X1041.7_7.5
13126,-1,X1042_6.7
30234,62,X1042.1_7.9
18095,-1,X1042.4_9.4
13238,-1,X1043.8_5.3
11332,62,X1043.8_7.3
18334,-1,X1044.5_5.4
12765,-1,X1045_5.3
18510,-1,X1046.4_6.1
11647,-1,X1047.8_8.4
10057,-1,X1048.1_6.1
6484,-1,X1048.3_7.1
12536,-1,X1049.6_5
31436,-1,X1049.8_4
11393,-1,X1050.1_5
5215,-1,X1050.6_3.8
15719,-1,X1050.7_8.4
30320,-1,X1051.3_8.5
10040,-1,X1051.9_8.5
24243,-1,X1052.3_6.7
5068,-1,X1052.7_8.3
11316,62,X1053.5_7.6
3843,-1,X1055.1_6.6
12879,-1,X1055.1_7.5
25347,-1,X1056_6.7
12752,-1,X1056.2_5.3
9327,-1,X1056.5_5.7
9867,493,X1056.5_6.2
3340,-1,X1056.7_5
3328,-1,X1056.8_5.4
7071,-1,X1056.9_4.7
7383,-1,X1057_5.7
5484,-1,X1057.2_5
31132,62,X1057.5_7.7
17073,-1,X1057.6_5.3
9909,-1,X1057.6_5.7
3426,143,X1058.8_5.1
3517,143,X1060.2_5.1
7053,468,X1060.5_6.4
3485,468,X1060.6_6.6
6803,-1,X1060.7_6.8
3702,-1,X1060.8_4.8
3618,-1,X1060.8_5.1
13105,468,X1061.4_6.6
5723,-1,X1061.5_5.3
10248,-1,X1061.8_5.7
23212,-1,X1063.2_7.4
6510,-1,X1064.8_7
16235,-1,X1065.9_5.3
6638,874,X1066.3_7
10638,-1,X1066.6_5.4
13781,-1,X1067_5.3
10439,-1,X1067.3_8.4
7041,-1,X1068.7_5.3
6595,-1,X1069_6.7
18464,1308,X1069.4_6.8
18444,-1,X1069.6_7.5
18048,-1,X1070.2_6.7
3461,-1,X1070.7_4.2
11416,-1,X1071.6_7.5
11372,62,X1071.7_6.5
5636,-1,X1072.2_5
13652,534,X1072.4_7.1
13630,534,X1072.4_7.5
8396,-1,X1073.4_5.8
3830,-1,X1073.5_5
16061,62,X1073.9_6.9
7181,-1,X1074.1_5.7
21114,-1,X1075_3.9
11166,468,X1075_6.7
14442,-1,X1076.2_8
6468,-1,X1076.5_8.3
16506,-1,X1076.7_5.8
26455,-1,X1078.3_7.4
20339,874,X1080.2_7.1
9988,-1,X1080.3_7
6523,-1,X1081_7.1
8211,-1,X1081.7_7
22126,-1,X1081.8_4.8
10791,-1,X1083.1_5.1
13633,-1,X1083.2_6.6
13240,-1,X1083.2_6.9
19723,-1,X1084.2_8
11162,-1,X1084.7_7.6
13614,-1,X1084.8_5.1
23946,-1,X1085.4_7.5
20777,-1,X1085.9_5.1
9956,-1,X1086.4_6.8
4903,-1,X1086.6_4.4
21302,-1,X1086.7_5.2
6617,-1,X1087.2_6.6
18488,468,X1089_7.9
19097,-1,X1090.7_5.9
3674,-1,X1091.5_7.7
16274,-1,X1091.5_7.9
11406,-1,X1092.2_5.3
13284,427,X1092.4_6.6
6467,-1,X1093.3_5.9
13728,427,X1094.3_5.9
30232,-1,X1094.6_8.5
18420,-1,X1094.8_3.7
6599,-1,X1095.3_8.4
18074,-1,X1095.5_3.7
20216,-1,X1098.2_5.4
19651,-1,X1098.5_7.9
10999,-1,X1099_8
7900,-1,X1100_5.7
22511,-1,X1101.4_5.6
18721,-1,X1102_5.5
18673,468,X1102.7_7.2
6897,-1,X1107.9_5.8
4786,-1,X1108.3_4.8
5925,-1,X1108.3_6.1
10992,-1,X1108.8_4.7
17658,-1,X1109_5.2
16751,-1,X1109.3_6.4
18717,427,X1110.3_6.1
28267,1300,X1111.9_8.6
19289,427,X1112.1_5.2
24531,-1,X1112.1_6
18037,-1,X1112.8_3.7
21448,-1,X1112.8_5.9
13687,-1,X1113_6.4
6737,-1,X1113.2_5.7
13834,-1,X1113.4_6
3476,121,X1113.7_7.6
5348,-1,X1113.8_5.8
6535,-1,X1114_6.3
5481,-1,X1114.1_5.9
5482,-1,X1114.7_7.6
17534,-1,X1115.6_5.7
1442,-1,X1116.4_5.8
10862,-1,X1116.9_4.7
15739,236,X1117_8.6
5063,567,X1117.1_8.1
5310,236,X1117.7_8.7
4986,-1,X1118.3_4.1
22512,-1,X1118.8_4.1
5172,-1,X1119.8_3.6
22120,-1,X1119.9_5.5
19803,-1,X1120.4_7.3
19183,-1,X1120.5_5.4
11159,427,X1123.1_6.7
14279,-1,X1123.8_4.3
14579,-1,X1123.9_4.1
17388,-1,X1124.6_4.2
12781,427,X1124.9_5.6
7390,-1,X1125.1_5.2
1453,-1,X1125.6_5.3
6785,-1,X1126.1_5.2
6714,493,X1126.4_6.8
21442,-1,X1133.2_5.4
7417,-1,X1133.7_5.4
21932,-1,X1135_5.4
5896,-1,X1135.8_4.7
5062,-1,X1136.2_8
7671,-1,X1138.5_8.1
19622,-1,X1138.7_5.4
22068,-1,X1139.2_5.4
20468,-1,X1139.2_8.5
18540,-1,X1139.5_4.5
29700,-1,X1139.6_4.2
16459,-1,X1139.9_4
19226,-1,X1141.8_4.3
13674,-1,X1141.9_5.3
17494,-1,X1142.3_4.8
16065,-1,X1142.3_8.6
6660,493,X1142.4_6.3
12912,-1,X1142.9_4.9
15354,-1,X1143_8.6
19045,-1,X1143.9_4.8
9892,-1,X1146.4_6.3
22469,-1,X1149.6_5
20733,-1,X1149.7_4.3
6620,-1,X1152.6_5.7
802,-1,X1152.8_3.5
17083,-1,X1152.9_8.2
29697,-1,X1155.8_4.7
29663,-1,X1157.9_4.7
12997,1246,X1158.3_5.4
13088,-1,X1158.3_8.8
12343,315,X1158.6_4.7
7073,-1,X1159.4_4.9
6576,-1,X1159.6_8.3
5598,-1,X1160.6_8.2
23629,-1,X1163.3_8.4
12825,-1,X1163.4_8.1
16293,236,X1163.7_8.8
8484,-1,X1169.1_6.6
24120,-1,X1169.3_8.7
4159,-1,X1169.9_8.7
21234,-1,X1170.5_8.4
28406,-1,X1170.6_8.7
2878,-1,X1170.8_3.5
3157,273,X1171_8.4
7899,-1,X1172_3.6
7467,-1,X1172.8_5.4
13290,-1,X1175.6_9.3
13206,-1,X1175.9_9.5
3700,-1,X1176.4_8.5
14157,-1,X1176.5_6.3
4337,-1,X1176.8_8.5
5389,273,X1176.8_9.5
6718,-1,X1177.2_7
17765,-1,X1177.6_8.6
7414,-1,X1177.8_5.3
20881,146,X1177.8_8.4
13322,273,X1178.4_8.3
13132,-1,X1178.5_8.6
16267,273,X1178.7_8.1
15838,-1,X1178.9_8.8
7309,-1,X1179.4_7.7
23771,-1,X1179.9_8.7
7006,-1,X1180.3_6.7
14604,-1,X1180.6_5
24123,-1,X1180.7_8.7
13822,-1,X1181.1_5.1
15162,-1,X1181.4_8.6
23623,315,X1181.6_5.3
21155,-1,X1181.7_4.2
21229,-1,X1183.5_8.8
14164,273,X1184_7.6
8226,-1,X1184.1_8.2
7038,-1,X1184.4_4.8
17439,-1,X1185_4.8
7028,273,X1186.3_8.5
14171,273,X1190.8_6.9
13888,-1,X1190.9_4.3
19070,-1,X1191_8.6
1189,273,X1192_8.4
14264,273,X1192.1_8.7
6615,273,X1192.7_8.4
10244,273,X1193.8_8.2
7150,-1,X1194.3_5.6
21955,-1,X1196.2_4.7
14719,273,X1196.4_9.6
12961,-1,X1197.3_8.1
14194,-1,X1197.7_8.6
23371,-1,X1197.8_5
6819,-1,X1199_8.2
17761,273,X1199_9.5
10336,273,X1199.3_8.5
24279,-1,X1199.6_8.7
24340,-1,X1201.8_4.9
12165,-1,X1202.3_4.8
30230,-1,X1202.8_4.9
25407,-1,X1205.3_6.2
700,-1,X1205.9_3.5
20321,-1,X1206.3_6.2
6958,273,X1206.3_8.5
21951,273,X1206.5_8.7
30849,-1,X1206.6_3.6
7891,-1,X1207_3.5
782,-1,X1210.9_3.5
14193,273,X1211.6_8.1
19983,-1,X1211.8_6.9
14144,-1,X1211.9_8.4
4707,-1,X1213_4.3
9513,-1,X1216.8_7.4
18083,410,X1219.1_5.9
19481,493,X1219.1_7.5
19819,-1,X1221_8.3
15171,1695,X1232.6_8
23165,-1,X1232.7_4.1
25696,-1,X1233.1_4.3
10216,-1,X1234.6_7.1
28113,-1,X1235.1_5
10114,-1,X1236.2_8.8
9932,-1,X1236.5_7.8
13635,-1,X1236.8_6.8
18891,-1,X1236.8_7.3
20252,-1,X1237.2_8.8
25409,-1,X1238_7.5
18826,-1,X1238.3_7.4
4708,-1,X1238.3_8.4
28035,-1,X1238.4_3.6
23616,-1,X1239.2_3.5
4962,-1,X1239.6_3.6
4836,-1,X1239.6_8.4
29773,-1,X1240.1_3.6
7197,1246,X1241.3_5.8
31247,-1,X1242.7_8.8
10027,1695,X1248.4_7.7
19474,1695,X1250.1_7.8
19750,-1,X1253.2_6.8
15720,236,X1258.7_8.8
5438,-1,X1259_7.9
19693,-1,X1260.2_6.8
19055,-1,X1260.6_7.1
19437,-1,X1266.3_8
12087,-1,X1267.1_6.5
5640,-1,X1275_8.1
29489,-1,X1275.2_5.5
853,-1,X1275.6_5.8
14455,867,X1275.7_8.6
25931,-1,X1276_5.4
8003,-1,X1276.2_5.7
14302,867,X1277.9_7.9
10164,1695,X1282.5_7.4
14309,-1,X1284.5_7.9
9962,374,X1284.6_7.4
29403,-1,X1291.3_5.8
14347,-1,X1292_8
8711,-1,X1292.4_5.7
30150,-1,X1293.1_5
29605,-1,X1293.2_5.7
4732,-1,X1293.6_5.7
14463,-1,X1295.8_7.7
14767,-1,X1296_3.8
10083,-1,X1298.2_6.5
10188,-1,X1298.3_5.9
29420,-1,X1298.4_5.7
9971,374,X1298.5_7.6
27701,-1,X1298.6_5
12669,-1,X1298.6_5.2
27720,-1,X1298.6_8.8
27613,-1,X1298.8_5.7
10024,-1,X1299.1_6.5
23232,-1,X1299.6_5.2
10088,374,X1300.3_7.3
14814,374,X1300.8_7
14590,7,X1301.6_7.6
14576,468,X1302.7_7.9
12449,-1,X1303.7_8.9
14336,-1,X1306_8
9877,-1,X1307.4_7.1
29580,-1,X1307.5_4.5
16583,-1,X1308.2_6
19549,-1,X1309.3_7.8
16052,-1,X1311_6.3
20664,-1,X1312.7_7.5
14140,273,X1312.7_8.5
9972,374,X1314.5_7.3
19973,-1,X1314.7_6.3
19459,-1,X1316.8_6.9
19533,7,X1317.6_7.5
28626,-1,X1318.8_7.3
9961,-1,X1320.5_6.7
24670,-1,X1325.1_4.5
22759,7,X1331.8_7.7
27774,-1,X1337.9_7.7
12062,-1,X1339.1_7.5
8434,-1,X1339.3_8.1
11658,-1,X1343_9.3
22763,7,X1345.6_7.9
11661,-1,X1347.3_9.3
10408,-1,X1348.4_9.3
31360,-1,X1349.2_3.6
24366,874,X1350.3_7.3
27440,-1,X1351.2_7.9
21172,-1,X1353.1_7
19456,-1,X1354.4_7.9
22803,7,X1357.8_7.9
19444,7,X1360.3_7.7
11507,-1,X1362.8_7.9
22767,-1,X1365.5_8.1
7688,-1,X1369.6_9.3
25376,-1,X1370.3_9.3
11616,7,X1371.6_8.1
7751,-1,X1372_9.3
26481,236,X1372.7_8.7
19604,468,X1372.8_7.1
16289,236,X1372.8_9.3
15563,7,X1373.7_7.9
16290,236,X1374.7_9.4
15384,-1,X1377_8
22884,-1,X1379.3_8.4
24350,468,X1386.8_7.4
22757,7,X1388.7_8.1
22752,-1,X1393.3_8.4
11499,-1,X1396.5_8
22831,7,X1402.6_8.4
25430,-1,X1410.1_8.4
22830,-1,X1411.2_8.4
22750,7,X1416_8.4
22754,-1,X1417.2_6.7
25472,-1,X1424.7_8.3
25492,-1,X1425.2_9.3
22835,468,X1432.6_8.4
12342,-1,X1439.9_5.3
14437,468,X1447_8.5
10710,-1,X1455.2_8.6
14328,-1,X1456.1_8.6
17400,-1,X1459.9_3.7
19084,-1,X1460.4_3.7
22518,-1,X1461_3.7
20558,-1,X1461.2_8.1
6497,-1,X1469.9_6.6
12199,-1,X1476.6_4.1
12505,-1,X1476.8_4.7
8402,-1,X1477.7_4.7
18421,-1,X1478.2_3.7
19211,-1,X1478.4_4.1
17387,-1,X1478.4_4.7
15721,-1,X1483.7_3.7
18216,-1,X1484.6_3.7
22999,-1,X1502.2_5.3
15349,-1,X1503.9_8.2
9367,-1,X1528.2_7
9405,-1,X1542.3_7.1
9987,-1,X1542.5_7.3
27761,-1,X1556.3_7.4
9870,-1,X1559.5_6.3
22941,-1,X1592_6.7
22794,-1,X1602.2_7
22762,-1,X1603.7_7
22807,-1,X1605.9_6.6
22784,-1,X1605.9_6.8
22769,293,X1611.7_6.6
9443,-1,X1616.9_7.1
10657,-1,X1619.7_6.8
22760,293,X1623.8_7.3
10647,293,X1625.8_6.8
10470,293,X1625.8_7
19099,236,X1628.9_8.9
19180,236,X1628.9_9.4
22797,-1,X1633.5_7.3
22756,-1,X1633.7_6.9
9390,-1,X1633.8_7.1
22755,-1,X1634.9_7.2
22761,293,X1637.8_7.5
9450,293,X1639.7_7.3
10455,293,X1640.4_7
22765,293,X1641.6_7.2
27554,-1,X1648.2_7.3
22783,293,X1653.9_7.4
30717,-1,X1751_5.7
21333,-1,X180.1_1.8
10737,9,X180.3_1.6
8539,-1,X180.9_0.7
10926,-1,X180.9_0.9
16408,-1,X180.9_1.7
7537,-1,X180.9_1.9
7590,-1,X180.9_2.3
11578,1647,X180.9_2.7
7749,1193,X180.9_3.3
20487,526,X181.8_0.9
23763,526,X181.8_2.3
20463,-1,X181.9_0.7
9536,573,X181.9_1.3
5969,573,X181.9_1.6
5856,573,X181.9_1.8
7625,-1,X182_0.5
4507,-1,X182.8_9.7
3690,-1,X182.9_0.7
4403,-1,X182.9_1.7
1421,478,X182.9_3
4389,573,X183_2
7547,123,X183.6_0.9
7497,1017,X183.9_0.6
7725,-1,X183.9_1.2
21566,-1,X1835.4_5.6
22346,-1,X1836.2_5.6
23976,-1,X1836.7_5.6
23186,-1,X184.9_0.7
3836,1212,X184.9_1.3
1073,1212,X184.9_1.5
9250,-1,X184.9_1.7
1642,155,X184.9_1.9
3896,155,X184.9_2.5
23843,-1,X1840.2_5.6
22151,-1,X1841.2_5.6
1512,1402,X185_0.9
8627,-1,X185.9_0.9
19192,-1,X185.9_1.3
8792,603,X186.2_9.8
6158,1321,X186.5_10.1
6013,565,X186.7_0.9
24381,-1,X186.7_10.3
17143,1321,X186.7_9.8
11560,-1,X186.8_0.7
5589,478,X186.8_3.2
6050,478,X186.8_3.4
19268,-1,X186.9_1
6128,-1,X186.9_2.6
18914,-1,X186.9_2.9
22328,-1,X187.9_2.8
19236,-1,X188_0.9
18210,872,X188.1_3
3741,-1,X188.7_1.4
3730,-1,X188.7_1.5
4282,81,X188.8_1.1
25918,1749,X189_1
12946,-1,X189.9_0.8
15546,1193,X189.9_1.1
8704,329,X189.9_2.2
7489,-1,X1898.1_8.4
7126,-1,X190.4_0.9
14421,-1,X190.6_1.5
6402,-1,X190.9_0.7
9241,-1,X190.9_1.6
9260,-1,X190.9_1.7
4791,-1,X190.9_3.2
6417,1193,X191_1.1
15633,-1,X191.1_1.3
6394,1538,X191.2_2.3
25828,-1,X191.5_0.6
2915,151,X191.8_2.5
15114,-1,X191.8_3.1
10552,-1,X191.9_0.7
3526,81,X191.9_1
15056,480,X191.9_1.3
859,-1,X191.9_2.2
16370,-1,X192.4_2.2
29451,480,X192.5_1.3
3676,-1,X192.8_0.7
19553,-1,X192.9_1
3727,-1,X192.9_2.3
937,-1,X192.9_2.6
4000,-1,X193.1_0.6
17159,-1,X193.9_0.9
6070,-1,X193.9_2.5
6176,434,X194.2_2.1
2961,-1,X194.8_0.6
11979,-1,X194.9_0.7
16564,102,X194.9_1.6
939,-1,X194.9_1.9
15805,1791,X194.9_2
2735,281,X194.9_3.4
18715,-1,X195.8_2.2
3964,1441,X195.9_1.5
16282,-1,X195.9_3
6081,-1,X196_1.4
11117,1441,X196_1.8
20749,1696,X196_3.1
8564,-1,X196.3_0.8
9229,9,X196.9_0.8
3467,-1,X196.9_1
22646,-1,X196.9_1.2
20536,-1,X196.9_1.4
5092,1441,X196.9_1.6
5012,-1,X196.9_2.6
5060,-1,X196.9_2.7
24928,-1,X197.8_0.6
29860,1611,X197.8_2.6
3084,1291,X197.9_1.6
21896,-1,X1971.2_6.4
1596,1017,X198_1.3
1224,-1,X198_1.8
1377,847,X198.9_0.5
10266,-1,X198.9_1.4
12687,-1,X198.9_1.8
24270,1611,X198.9_2.6
1286,-1,X198.9_2.7
10282,-1,X199.1_1.3
3124,-1,X199.8_0.7
16642,-1,X199.9_0.5
6424,-1,X199.9_2.2
29939,-1,X200_0.9
7057,-1,X200.8_2.8
7499,-1,X200.9_0.6
1017,-1,X200.9_0.9
18790,358,X200.9_1.4
1599,-1,X200.9_2.3
8499,-1,X201_1.5
29963,358,X201.3_1.3
11039,-1,X202_1.5
4109,592,X202_2.4
12458,167,X202.9_0.7
8559,280,X202.9_0.9
3609,280,X202.9_1.2
23231,497,X202.9_1.8
8173,85,X202.9_2.1
1353,-1,X202.9_2.4
15492,85,X203_2.5
21783,142,X203.5_2.1
15660,1832,X203.9_0.7
3710,-1,X204_0.5
9440,-1,X204.8_1.8
1005,1135,X204.9_0.5
13148,-1,X204.9_0.8
3928,-1,X204.9_1.5
9820,142,X204.9_2.1
7543,-1,X205.4_1.1
5666,730,X205.9_1.2
8891,-1,X205.9_1.5
3302,-1,X206.9_0.7
16051,-1,X206.9_1
963,402,X206.9_2.3
870,928,X206.9_2.8
10724,-1,X207_1.1
3138,151,X207_1.4
3180,1538,X207_3.1
811,103,X207_3.7
918,872,X207.1_2.5
22063,-1,X207.3_1.8
24589,-1,X207.3_1.9
3025,1181,X207.3_2.3
5774,-1,X207.5_9.7
5148,1228,X207.9_0.7
4728,402,X207.9_2.3
7504,-1,X207.9_3.4
17001,510,X208_3
13002,-1,X208_3.8
5530,872,X208.1_2.5
10102,1228,X208.8_0.6
24311,-1,X208.9_0.7
10290,-1,X208.9_1.5
6528,-1,X208.9_2
10269,-1,X208.9_2.9
4727,1538,X208.9_3.1
20426,745,X210_2
14575,745,X210.8_2
5581,-1,X210.9_1.3
2990,-1,X210.9_1.4
30091,-1,X210.9_2.6
21129,-1,X211.8_0.8
8730,1137,X212_1.9
21126,214,X212.1_2.8
7845,1647,X212.9_1
9309,-1,X212.9_1.7
22012,619,X213.7_1.1
27931,-1,X214_1.3
21493,-1,X214.9_0.5
4947,-1,X214.9_0.7
16934,-1,X214.9_0.9
8448,-1,X215_2.3
8707,910,X215_4.2
30769,-1,X215.3_0.9
5862,631,X215.9_1
5819,576,X215.9_2.6
11228,631,X216_1.3
6028,-1,X216_2.1
18245,576,X216.4_2.7
4357,-1,X216.9_2.6
4400,1157,X217_1.2
14040,1460,X217.6_9.9
7377,167,X217.8_0.7
5223,603,X217.8_0.9
7253,142,X218_2
10837,-1,X218.9_0.6
3206,-1,X218.9_0.9
13569,773,X218.9_2.5
9631,555,X219_1.9
13990,483,X219_2.9
801,-1,X219_3.2
29980,483,X219_5.6
3614,-1,X219.9_1.2
5937,-1,X219.9_1.4
2841,-1,X220.2_3.3
3544,-1,X220.8_0.7
20643,-1,X220.9_2.1
8504,-1,X221_3.4
6164,-1,X221_4
22154,281,X221.1_3.5
1175,-1,X221.9_0.5
1191,-1,X221.9_1.9
13463,-1,X221.9_2.4
1510,245,X222_0.8
1072,1793,X222_2
13443,-1,X222_3.1
1587,-1,X222_3.4
21633,217,X222.4_3.3
7492,-1,X222.6_0.5
13543,1793,X222.7_1.9
3010,773,X222.7_9.7
1467,-1,X222.9_2.7
1615,-1,X222.9_3
10149,-1,X223_3.3
7685,685,X223_4.3
13603,-1,X223.3_9.8
13594,773,X223.8_9.8
13335,619,X223.9_3
12191,-1,X224.9_1.7
15707,-1,X225_4.4
11164,463,X225.5_2.6
8827,-1,X225.7_3.5
19476,-1,X226.8_0.5
6290,-1,X226.8_0.8
12073,1447,X226.9_1.7
5935,67,X226.9_1.8
12096,1647,X227_2.1
6815,1352,X227_2.4
6198,-1,X227_3.4
26288,-1,X227_3.8
7678,-1,X227.8_2.8
13992,524,X228.2_2.2
21627,-1,X229.9_0.9
16652,1545,X229.9_1.3
21429,-1,X229.9_2.5
21106,-1,X230_0.7
6758,-1,X230.1_2.8
8541,-1,X230.9_0.6
4523,561,X231_0.9
3645,-1,X231_2.4
5662,5,X231_2.8
4486,-1,X231_3.1
4214,1465,X231_3.3
12107,561,X231.1_1.2
24419,631,X231.9_1.5
20797,-1,X231.9_1.9
9092,631,X232_1.2
5911,631,X232_1.4
10981,5,X232_2.8
3286,-1,X232.9_0.7
768,5,X232.9_2.9
3327,103,X233_4.4
7709,-1,X233_4.7
16746,1028,X234.9_1.2
11631,772,X235_2.4
11607,-1,X235.9_0.7
3861,1832,X235.9_0.9
4701,85,X236.9_3.7
6349,271,X237_2.1
4376,-1,X237_2.2
3082,-1,X237_2.8
791,-1,X237_3
15407,-1,X237_3.2
3826,412,X237_3.4
22183,85,X237_3.5
715,329,X237_4
28189,-1,X237.9_0.5
24357,1316,X237.9_10.4
6360,620,X238.1_1.9
13599,1316,X238.7_10.3
8364,1316,X238.9_0.5
1643,620,X238.9_1.4
1391,982,X238.9_1.7
20300,982,X238.9_1.9
13567,982,X238.9_2.4
1383,-1,X238.9_2.5
1412,620,X238.9_2.8
1033,-1,X239_2.1
5695,1196,X239_3.5
18783,158,X239_3.9
1425,1196,X239_4.5
17908,-1,X239.1_2.7
4871,1196,X239.1_3.3
21472,596,X239.9_1.1
11643,982,X239.9_2.6
6356,-1,X240_0.9
7581,271,X240_3.3
24434,-1,X240.3_3
3598,9,X240.9_0.9
3969,576,X240.9_2.2
3884,-1,X240.9_3
6415,-1,X240.9_3.6
5326,-1,X241_2
3789,1135,X241_3.2
2704,-1,X241_4
6354,-1,X241_4.4
16613,-1,X241.9_2.5
10820,2373,X242.1_3.3
17470,1949,X242.9_1.6
10843,1949,X242.9_1.7
17438,-1,X242.9_1.9
17474,-1,X242.9_2.3
10803,59,X243_0.5
10489,59,X243_0.9
5663,-1,X243_2.4
5848,-1,X243_3
5789,2373,X243_3.3
23407,-1,X243.8_1.5
27874,-1,X243.8_2.3
23988,-1,X243.9_1.9
11670,-1,X244.2_0.8
7546,-1,X244.9_0.7
28199,769,X245_1.4
12129,561,X245_1.8
7608,-1,X245_2.9
5526,-1,X245_3
13127,-1,X245_3.2
694,910,X245_3.4
7560,1291,X245_3.7
5574,-1,X245_4.1
6463,1791,X245_4.6
6591,2290,X245.3_4.2
8432,-1,X245.8_3.4
8919,-1,X245.9_2.5
11715,-1,X246_0.6
11112,933,X246_2.9
14929,-1,X246_3.6
4219,96,X246.9_1.4
6194,-1,X246.9_2.7
6744,-1,X247_1.7
4203,281,X247_2
5887,-1,X247_3.7
3749,1291,X247_5
11460,-1,X247.5_2.2
5971,-1,X247.9_1.5
3712,1225,X247.9_2.7
3787,1213,X248_1.2
11270,-1,X248.2_1.9
3183,-1,X248.9_3
29994,-1,X248.9_3.1
1263,-1,X248.9_3.2
16351,-1,X248.9_5.8
29794,1545,X249_2.2
1645,-1,X249_3.4
1287,-1,X249_3.9
25460,281,X249_4.5
21160,-1,X249_5.5
6914,59,X250_1
6902,-1,X250.1_0.5
7044,1526,X250.1_1.4
5754,59,X250.4_0.9
20554,323,X250.4_2.4
25773,-1,X250.9_0.7
17990,59,X250.9_1
6846,1526,X250.9_1.4
751,81,X251_2.3
5885,1465,X251_2.5
30135,-1,X251_2.7
6886,766,X251_2.8
869,2107,X251_3
4703,2107,X251_3.4
6655,750,X251_3.7
5551,-1,X251_4.2
5978,-1,X251.9_1.7
5658,495,X252_0.5
18424,-1,X252.2_2.6
20726,-1,X252.2_2.9
24269,685,X252.3_2.3
8395,495,X252.9_0.5
30366,431,X252.9_1.1
21828,1069,X252.9_2
22312,-1,X252.9_6.1
4989,-1,X253_1.8
728,-1,X253_2.5
2874,-1,X253_2.7
17398,431,X253.1_0.9
7921,-1,X253.1_1.4
6812,703,X253.9_0.9
5769,1464,X253.9_1.2
5724,1464,X254_1.5
10343,-1,X254.8_4.8
2816,-1,X255_1.6
17109,1659,X255_2.4
3443,-1,X255_2.6
5869,-1,X255_2.9
28500,-1,X255.1_3.4
11568,829,X255.2_4.5
8960,-1,X255.8_1.6
12098,-1,X255.9_2.3
9489,-1,X255.9_4.4
3126,-1,X256_0.7
26838,-1,X256_1.9
2919,-1,X256_2
5851,-1,X256_2.6
11093,-1,X256_3.1
5644,1247,X256_3.8
20448,592,X256.1_4.8
9454,829,X256.2_4.3
3705,1137,X256.8_1.7
18063,424,X256.9_0.7
8723,-1,X256.9_1.2
9266,-1,X256.9_2.4
5970,-1,X256.9_3.2
2810,-1,X256.9_3.5
3129,-1,X256.9_3.9
3876,-1,X256.9_4.1
24735,-1,X256.9_4.9
17130,-1,X257_3.3
11871,-1,X257.9_2.5
7691,-1,X258_0.5
22694,-1,X258.7_1
5069,-1,X258.9_0.6
21642,-1,X259_2.5
22703,-1,X259_2.9
5104,-1,X259_3.1
743,-1,X259_3.5
716,-1,X259_4.6
847,-1,X259_4.8
11220,1228,X259.9_0.9
25503,-1,X260_0.7
14840,-1,X260_2
10353,-1,X260_2.7
14878,-1,X260.1_4.3
16715,-1,X260.8_0.9
5867,-1,X261_0.8
9124,-1,X261_2
4123,-1,X262_3.6
4004,-1,X262.1_0.7
8478,-1,X262.1_3.3
3110,-1,X262.9_1.9
3513,-1,X262.9_2.1
4150,2076,X263_1.5
3158,2076,X263_1.7
928,179,X263_2.2
11217,-1,X263_2.4
2957,-1,X263_2.5
3039,13,X263_2.9
958,-1,X263_3
842,-1,X263_3.3
1097,-1,X263_3.8
12683,-1,X263.1_4.4
7588,179,X263.8_2.2
8511,697,X263.9_1.9
6563,-1,X263.9_2.3
7607,1465,X263.9_2.5
8485,-1,X263.9_3
3383,-1,X265_1.7
6842,1878,X265_3
13785,-1,X265_3.6
22172,-1,X265.1_3.3
21320,424,X265.7_3.2
8401,424,X266.1_3.2
8389,-1,X266.2_2.7
3395,-1,X266.9_3.9
5500,-1,X267_1.9
19231,-1,X267_2.3
10021,-1,X267_3
6808,-1,X267_4
714,-1,X267_4.3
20906,-1,X267.9_3.5
21091,-1,X268_2.3
22434,855,X268_4.7
1409,311,X269_3.1
1344,-1,X269_3.4
1724,84,X269.1_0.8
30691,-1,X269.5_2.4
21901,-1,X269.5_3.3
17959,-1,X270_1.7
25755,1345,X270_2.3
1233,-1,X270_2.5
12463,-1,X270_4
20727,695,X270_4.3
22782,-1,X270_5.2
1734,-1,X270.1_3.3
1661,531,X270.1_3.5
1563,-1,X270.2_5.5
10601,-1,X270.9_1
25659,277,X270.9_2.2
2840,576,X270.9_2.3
25792,-1,X271_1.7
4977,277,X271_2
30005,576,X271_2.4
3100,-1,X271_2.8
8791,-1,X271_3.2
3007,576,X271_3.4
6428,576,X271.1_4.7
29786,576,X271.1_5.2
725,-1,X271.9_2.2
22107,1247,X271.9_2.8
16663,-1,X272_3.1
8764,-1,X272.1_1
8450,29,X272.3_4.1
11730,775,X272.7_2.9
13452,-1,X272.9_0.9
20603,1346,X273_1.6
21516,871,X273_1.9
10945,-1,X273_2.6
3168,1878,X273_2.8
2965,592,X273_3
7597,740,X273_3.3
706,-1,X273.9_2.1
7754,631,X273.9_3
9119,-1,X274_2.5
7859,740,X274_3.3
8913,-1,X274_3.7
4143,-1,X274.9_0.6
3085,-1,X275_3
3122,13,X275_4.2
20421,13,X275_4.5
12206,142,X275_4.7
29677,103,X275.1_6.4
7724,205,X275.9_2
11224,-1,X276_0.6
6301,245,X276.8_1
12094,1551,X276.9_5.1
21369,-1,X277_1.8
4180,302,X277_2.5
713,-1,X277_2.6
2976,-1,X277_2.8
7957,1225,X277_3.1
2988,-1,X277_3.6
3775,-1,X277_5.1
2897,256,X277.1_4
12168,483,X277.1_4.5
5780,1551,X277.1_4.7
6262,-1,X277.1_4.9
3863,-1,X277.4_2.8
19375,-1,X277.9_1.9
4863,-1,X278.1_2.8
6514,2143,X279_1.8
2935,-1,X279_3.2
5605,-1,X279_3.7
22166,913,X279.1_4.9
11339,483,X279.1_6.5
2982,2025,X279.1_7
10412,2025,X279.1_7.6
15874,-1,X279.2_4.4
14934,-1,X280_3
23488,-1,X280.1_1.5
23096,-1,X280.2_2.9
17167,-1,X280.3_7.5
5841,-1,X280.9_2
7435,-1,X281_1
10497,-1,X281_2.1
19526,-1,X281_2.9
5198,-1,X281.1_0.9
6351,-1,X281.1_4.6
735,-1,X282_2.1
6179,-1,X282_2.7
17655,-1,X282_3.5
3732,-1,X282.1_0.7
17458,-1,X282.1_0.9
10962,214,X282.1_3
11025,-1,X282.1_3.9
17648,2200,X282.1_4.2
20456,-1,X282.1_4.7
5234,-1,X282.2_1.9
8398,367,X283_0.5
11444,-1,X283_0.7
8957,1023,X283_2.5
3489,-1,X283_3.2
5651,-1,X283_4.2
20428,-1,X283_4.5
6790,605,X283.1_4.8
8917,-1,X283.2_3.7
29878,-1,X283.9_1.7
1364,-1,X284.1_3.3
15387,1856,X284.1_4.7
3560,-1,X284.9_0.8
5685,-1,X284.9_1.2
5122,441,X285_1.9
10500,-1,X285_2
9359,-1,X285_3.7
911,396,X285_3.8
7616,-1,X285_4
3556,-1,X285_4.3
19997,1663,X285_4.5
9353,-1,X285_5.6
19894,-1,X286_2.5
4806,-1,X286_3
4812,1868,X286_3.5
2790,-1,X287_4.1
9399,-1,X287_5.5
7594,-1,X287.3_3.2
12142,-1,X287.9_0.9
11115,-1,X288_0.5
10585,1345,X288_2.5
24942,1423,X288_3.3
9494,1423,X288_3.5
17736,-1,X288.1_5
26380,769,X288.6_1.5
24764,-1,X288.8_1.2
16344,849,X289.9_2.5
22204,1078,X290_3.3
22165,-1,X290.1_3
7441,-1,X290.8_1.9
12807,-1,X291_5.2
7175,-1,X291_6.2
10802,-1,X292_0.7
21717,-1,X292_2.7
8699,-1,X292.2_1.8
7944,-1,X293_1.9
781,2330,X293_3.9
775,-1,X293.6_2.5
7486,-1,X293.8_5.1
7516,-1,X295_0.8
5504,311,X295_1
25446,-1,X295_1.9
6375,205,X295_5.2
8425,-1,X295.1_3.3
2753,-1,X295.2_3
30700,-1,X295.5_4
820,-1,X295.9_2.6
30345,-1,X295.9_3
24719,720,X296_1.8
18207,-1,X296_3.3
30349,-1,X296.1_7
7078,-1,X296.6_9.7
13952,-1,X296.8_0.9
13374,-1,X296.9_1
5138,-1,X297_3.3
19379,497,X297_4.8
7977,-1,X297_6.2
11511,-1,X297_7.2
5072,-1,X297.1_3.1
8939,-1,X297.1_6.8
13394,-1,X297.2_1.5
4985,52,X297.2_2.9
7610,-1,X298_4.5
7409,777,X298_4.7
7634,-1,X298.1_4
23276,-1,X298.2_4.2
6421,-1,X298.9_1.5
11268,669,X298.9_1.7
9655,46,X299_0.9
776,-1,X299_2.2
7650,-1,X299_2.6
3484,2192,X299_3.2
3696,-1,X299_3.5
9737,-1,X299_5.1
3569,-1,X299_6.5
3634,-1,X299_7
3557,-1,X299_7.4
21445,1932,X300_2.2
20549,-1,X300_4.2
24737,-1,X300_4.6
21339,-1,X300.1_5.4
13123,-1,X300.2_3
7892,-1,X300.2_7.6
29863,-1,X300.8_1.8
10860,295,X300.9_0.5
2775,166,X300.9_4.1
767,295,X301_2.2
761,830,X301_2.6
21740,506,X301_2.8
30130,-1,X301_3.3
3337,166,X301_3.5
19853,323,X301.2_4.3
10749,656,X302_1.2
10788,-1,X302_1.5
12200,-1,X302_1.8
12306,-1,X302_2.3
8417,830,X302.1_2.6
12619,-1,X302.1_3.1
8062,862,X302.1_5.7
7514,2264,X302.3_4.3
10946,656,X302.9_1.2
13228,1078,X302.9_1.5
16146,-1,X303_0.8
1051,-1,X303_2.2
1053,-1,X303_3.1
989,-1,X303_3.3
10897,1508,X303_4.7
887,1425,X303.1_2.9
5529,31,X303.8_2.2
8109,663,X304_2.7
21741,-1,X304_3
17811,2080,X304.4_2.6
1319,-1,X304.9_1.4
23354,-1,X305_3
22673,-1,X305_3.4
6539,13,X305_4
20438,-1,X305_4.5
20459,-1,X305.1_4.7
11748,-1,X305.9_3.1
13493,-1,X305.9_5.3
24635,-1,X306_0.5
21754,-1,X306_1.9
21159,480,X306.1_0.7
20944,-1,X306.2_3.8
21012,593,X306.3_3.2
13547,-1,X307_1.6
25738,565,X307.1_1.8
3112,-1,X307.1_4.4
1386,2445,X307.8_2.4
1316,1981,X307.9_0.9
20875,740,X307.9_1.3
20576,740,X307.9_1.6
21326,1620,X308_4.3
8593,1981,X309_1
5656,-1,X309_1.8
8182,-1,X309_2.1
8525,1044,X309_3.1
5010,-1,X309_5.1
2940,108,X309.1_7.7
13480,310,X309.9_3.9
16369,588,X309.9_4.8
29604,720,X310_1.6
30267,-1,X310.5_2.7
10483,2638,X311_1.3
3688,-1,X311_2.7
2873,-1,X311_3.3
15754,-1,X311_4.1
3631,-1,X311_6.1
6796,-1,X311.1_4.7
19856,-1,X311.1_5.9
15785,471,X311.2_2.4
20434,-1,X311.2_4.1
21562,-1,X311.8_1.3
3668,-1,X311.9_1
24140,1162,X311.9_2.5
805,-1,X311.9_3.1
23865,46,X312_1.8
16405,46,X312_1.9
7469,52,X312_2.2
21939,158,X312_3
3635,-1,X312.8_0.9
13421,656,X313_1.7
20938,1001,X313.1_5.6
21017,667,X313.2_4.9
3919,605,X313.2_6.2
8591,46,X314_2.5
3540,-1,X314_2.8
15052,-1,X314_3.1
4754,-1,X314.1_2.9
8531,-1,X314.2_2.6
10841,-1,X314.8_2.1
7848,-1,X315_3.1
13929,-1,X315_3.3
7813,-1,X315_3.8
17837,-1,X315_4.1
8780,-1,X315.1_2.9
5525,-1,X315.6_3.8
16309,-1,X315.8_4.7
5497,31,X315.9_2.5
24744,-1,X315.9_3.6
5507,31,X316_2.3
5524,-1,X316_2.6
23478,-1,X316_2.8
18613,-1,X316_3.1
6327,-1,X316_4.6
14270,-1,X316.1_2.1
2717,-1,X316.1_3.8
25333,-1,X316.2_5.1
14149,-1,X316.6_2.8
11137,801,X316.8_0.5
5604,167,X316.9_1.2
30129,-1,X316.9_2.4
787,-1,X316.9_3.2
10997,-1,X317_2.7
7694,-1,X317_5
10399,-1,X317_6
3691,-1,X317.1_2.2
9464,-1,X317.1_3.4
9421,-1,X317.1_4
3415,-1,X317.1_6.6
11490,-1,X317.2_6.8
10010,-1,X317.8_4.5
19847,31,X317.9_1.9
8468,31,X318_2
8824,31,X318_2.6
3734,1592,X318_3.1
22185,1592,X318_3.2
26307,-1,X318.1_2.4
22175,1592,X318.1_3.3
7895,1034,X318.3_5.4
6344,-1,X319_4.1
7545,-1,X319.1_4.9
8697,-1,X319.8_5.7
30544,158,X319.9_5.8
4930,193,X320.9_1.2
4826,193,X320.9_1.4
10868,-1,X321_2.1
9903,191,X322.1_1
8392,191,X322.1_3.7
10420,-1,X322.1_6.7
13903,1124,X322.2_3.2
5080,191,X322.9_1.1
10709,-1,X322.9_2.3
943,191,X322.9_3.7
8751,794,X322.9_6.7
1124,-1,X323_2
5573,-1,X323_2.6
1304,158,X323_3
2968,-1,X323_4
8436,475,X323_4.3
1294,475,X323_4.8
16060,-1,X323_8
881,225,X323.1_3.4
5495,158,X324_3.3
14226,-1,X324.1_0.8
24548,772,X324.3_2.6
19210,-1,X324.3_8.5
1769,-1,X324.9_0.6
10889,-1,X324.9_4
11012,325,X325_1.8
1775,1093,X325_2.3
1667,-1,X325_2.6
1696,-1,X325_3.1
14260,-1,X325_3.4
20092,1729,X325_4.3
22239,588,X326_4.9
14058,-1,X326.1_2.4
22526,-1,X326.9_2
17661,-1,X326.9_2.1
5939,-1,X327_0.8
5288,-1,X327_2.6
7202,-1,X327_3.5
5541,13,X327.1_7.7
9164,46,X328_1.6
19156,46,X328_1.7
9167,46,X328_1.9
20439,-1,X328_4.7
20431,-1,X328_5.1
11469,-1,X328.1_2.8
28334,2297,X328.1_3.3
22384,-1,X328.1_4.5
17748,-1,X328.1_4.6
17409,-1,X328.1_5.2
15887,-1,X328.9_2
11072,-1,X328.9_2.6
26302,-1,X329_1.8
11482,-1,X329_3.6
20568,-1,X329_4
5733,1320,X329_4.2
20728,1320,X329_4.4
24739,-1,X329_4.5
3369,1228,X329_6.4
8854,-1,X329.1_2.8
19898,-1,X329.1_3.8
5805,-1,X329.8_3.2
5715,982,X329.9_0.8
11078,-1,X329.9_6.2
10503,1,X330_2.1
20657,1093,X330_2.6
5537,1093,X330_2.9
5850,194,X330_3.1
10998,-1,X330_4.4
20432,1942,X330_4.9
22357,-1,X330.1_2.3
5750,-1,X330.1_5.3
5883,129,X330.1_5.7
18244,194,X330.5_3.1
15980,1,X330.8_2.1
16611,-1,X330.9_5.4
27903,901,X330.9_9.6
10910,194,X331_3
15918,-1,X331_3.2
3346,932,X331_6.9
18441,-1,X331_7.1
15948,-1,X331.1_2.2
5559,-1,X331.9_0.8
12606,-1,X331.9_3.9
5534,-1,X332_2.1
10914,1309,X332.1_2.7
14616,-1,X332.1_3.2
10870,-1,X332.2_0.9
24418,744,X332.2_4.1
11534,-1,X333_0.9
23953,562,X333_4.3
20429,85,X333.1_4.9
11549,-1,X333.1_6.1
5536,-1,X333.1_6.3
11530,-1,X333.1_6.4
17088,-1,X333.2_2.4
13129,1309,X333.6_2.7
10485,-1,X333.9_0.9
5550,124,X333.9_1.4
5502,124,X333.9_1.7
3412,124,X333.9_1.9
21011,870,X334_4.8
24534,-1,X334.1_2.3
3563,1180,X334.9_0.9
894,124,X334.9_1.7
9453,1180,X335_0.6
10002,-1,X335_1.1
16055,124,X335_1.4
7742,-1,X335_3.4
17633,-1,X335_3.9
7027,-1,X335.1_2.8
7628,855,X335.1_4.4
14414,870,X335.1_4.8
9526,-1,X335.1_5
12262,-1,X335.1_5.5
20423,-1,X335.1_6.3
7163,271,X335.9_3.8
3385,158,X337_3.4
4996,-1,X337.3_7.6
13521,-1,X337.8_2.8
4954,194,X337.9_1.1
3616,194,X337.9_1.4
10066,158,X338_3.5
11247,-1,X338_5.1
13498,-1,X338_7.6
3820,-1,X339_1
8838,-1,X339_1.4
3463,-1,X339_1.9
9546,-1,X339_2.3
5243,310,X339_2.7
14495,-1,X339.1_3.7
5089,325,X339.9_1.1
4906,-1,X339.9_1.4
11449,310,X339.9_2.6
8927,-1,X340_0.7
11820,-1,X340_1.6
17436,-1,X340_2.4
25400,847,X340_5.1
1207,-1,X340.1_3.3
5567,-1,X340.1_4
21802,618,X340.1_5.9
20084,-1,X340.1_8.1
2954,1129,X340.2_7.4
5741,-1,X340.9_0.8
1105,-1,X341_2.8
3113,-1,X341_3
9732,-1,X341_3.2
6600,-1,X341_4.3
31384,-1,X341.1_6.6
17412,1129,X341.1_7.5
29749,816,X341.9_1.9
26361,816,X341.9_2
11216,631,X342.1_2.4
29885,1508,X342.1_7.6
14638,-1,X342.2_4.1
26259,-1,X342.2_4.7
3902,-1,X343_1.1
9735,816,X343_1.8
11254,-1,X343_2.1
15437,-1,X343.1_4.3
3706,-1,X343.1_7.6
5532,1015,X344_2.3
5513,1015,X344_2.5
16738,-1,X344_3.2
10713,-1,X344.2_8
22902,-1,X344.4_5.9
16830,1216,X344.9_1.8
10819,2327,X345_0.7
27529,-1,X345.1_3.1
12580,-1,X345.1_4.9
3159,1216,X345.3_2.1
5515,1216,X346_2
5673,-1,X346_2.7
12307,-1,X346_3.7
12384,554,X346_4.2
14129,2134,X346.2_5.9
16708,-1,X346.2_7.2
10918,1216,X346.6_1.9
4694,901,X346.9_3
3462,1216,X347_2
16424,-1,X347_2.2
9314,2134,X347_5.9
19326,1649,X347.1_3.4
23006,-1,X347.1_3.7
8609,-1,X347.1_5
6138,-1,X347.9_1.5
12074,-1,X348_4.5
14538,-1,X348.1_3.8
25327,-1,X348.1_5
17630,-1,X348.3_4.1
23986,-1,X348.8_4.9
692,744,X348.9_3.1
21575,-1,X349_2.6
8469,-1,X349_2.8
717,901,X349_3.8
13844,-1,X349_4.4
7731,-1,X349_4.8
21018,-1,X349.1_5.9
5648,-1,X349.1_7.7
5626,-1,X349.9_1
6400,1649,X349.9_3
20511,1028,X349.9_5.7
9351,-1,X349.9_6.2
21611,-1,X350_1.9
20513,1795,X350.1_2.6
20508,-1,X350.2_2.8
19911,1795,X350.3_2.4
20516,-1,X350.3_4.8
18270,-1,X350.6_4.1
11675,-1,X350.9_4.8
10550,-1,X351_1.6
3483,-1,X351_1.8
13379,-1,X351.1_3.8
3381,-1,X351.1_6.4
1293,-1,X351.9_1.7
7811,1352,X351.9_2.6
20721,-1,X351.9_5.5
23743,-1,X352_4.1
7862,-1,X352_4.6
22801,-1,X352.1_3.2
4801,142,X352.1_4.3
7884,142,X352.1_4.8
16716,142,X352.6_4.7
5419,-1,X353_1.8
5247,-1,X353_3
3380,-1,X353.2_6.9
3505,141,X353.2_7.1
20018,-1,X354_3.4
13953,-1,X354.2_5.4
23975,-1,X354.5_3.3
13934,-1,X355_1.9
14974,-1,X355.1_5.7
7631,256,X355.9_4.4
17102,618,X356_4.8
11771,-1,X356.2_5
1048,669,X357_1.6
936,-1,X357_1.8
8653,-1,X357.1_0.6
5000,271,X357.1_3.1
20527,-1,X357.1_5.5
29954,-1,X357.1_6.1
6923,141,X357.1_8.1
7378,281,X357.2_3.4
24773,1328,X357.4_0.6
5558,1328,X357.7_2.7
12425,1396,X358_2.3
12184,1328,X358_2.7
29479,-1,X358_5.1
19094,205,X358.1_4.2
11657,453,X358.1_4.7
16905,656,X358.9_1.8
23947,323,X359.1_3.5
3593,-1,X359.1_5
3862,-1,X359.1_6.6
3810,-1,X360_3
4316,-1,X360_4.1
4699,-1,X360_6.2
12450,1620,X360.2_3.8
18668,453,X360.2_5.1
13920,956,X361_3
3579,1259,X361_4.6
3234,205,X361_5.9
15510,-1,X361_6.3
2887,1259,X361.1_4.2
3283,-1,X361.1_7.3
5731,1015,X362_1.4
5613,1015,X362_1.7
19334,426,X362_2.7
19313,-1,X362_3.1
11837,426,X362.1_2.4
9458,-1,X362.1_5.4
14797,-1,X362.2_4.8
7526,59,X362.3_5.9
8426,-1,X362.9_1.5
24319,426,X362.9_2.5
16324,-1,X363.5_3.3
1182,1159,X364.1_3.1
14740,-1,X364.1_3.8
9360,-1,X364.1_5.9
6673,-1,X364.2_4.9
21037,569,X365_4.3
2917,1389,X365_4.6
14363,714,X366.1_3.5
4770,714,X366.8_3.4
7948,-1,X367.2_3.7
7960,755,X367.2_3.9
5556,-1,X367.2_4
3434,-1,X367.2_8
8740,-1,X367.3_3.2
7873,-1,X368.1_3.1
7860,-1,X368.1_3.5
9234,205,X368.1_5
1122,-1,X368.1_7.4
7854,-1,X368.2_8
31024,-1,X368.7_3.9
4049,-1,X368.9_2.7
20460,-1,X369_4.8
3020,755,X369.1_4
1402,256,X369.1_4.6
30718,-1,X369.5_3.9
11284,-1,X370_3.1
3976,795,X370.1_2.4
8680,795,X370.1_3.5
11278,-1,X370.3_3.2
3455,2200,X371_2.8
12346,-1,X371.1_4.3
17477,-1,X371.3_7.2
18628,-1,X371.6_4.2
21588,-1,X371.9_4.6
7599,-1,X372.1_3.6
18531,-1,X372.1_4.7
30704,2240,X372.2_3.4
20440,1942,X372.2_5.8
16727,-1,X372.7_4.7
2858,-1,X372.9_5.1
1460,2240,X373_3
7627,-1,X373_5.4
1626,20,X373.1_4.5
1593,-1,X373.1_4.8
18260,-1,X373.1_6.2
22556,-1,X373.3_8.6
30698,-1,X373.7_3.4
26383,84,X374.1_0.9
6430,982,X374.1_2.6
3049,-1,X374.1_3
6367,623,X374.1_3.4
20636,1960,X374.1_6.6
16337,592,X374.7_3
5813,776,X374.9_0.8
14057,766,X375_2.5
3244,-1,X375_3
7536,-1,X375_5.2
17734,1426,X375.3_8.2
25004,-1,X375.6_4.4
5611,-1,X375.9_2.8
14953,-1,X375.9_5
23767,588,X376.1_5.1
22840,-1,X377_2
11749,-1,X377_2.7
4713,2242,X377.1_5.3
9480,-1,X377.2_5.8
23481,-1,X377.2_6.3
24358,630,X377.3_6.7
16010,630,X377.3_7.3
9263,-1,X378.1_1.2
4028,-1,X378.1_2.7
783,-1,X378.1_4.1
17092,-1,X378.1_4.3
10978,-1,X378.1_4.5
15973,-1,X378.1_6.2
9524,154,X378.2_4
16396,630,X378.2_6.9
24199,630,X378.3_8.9
6073,-1,X379_2.7
6963,154,X379_4
2760,144,X379.1_3.8
7000,-1,X379.1_5
2882,-1,X379.1_6.3
5635,-1,X379.8_4.6
3529,-1,X379.9_1.5
3409,-1,X379.9_1.8
10848,-1,X380.8_1.9
9930,386,X380.9_1.1
20707,386,X381.7_1
1179,-1,X382_1.8
24598,-1,X382.1_3.9
10970,-1,X382.1_4.1
15749,1045,X382.2_3
21157,-1,X382.8_2.2
30551,1061,X383.1_3.2
6450,-1,X383.2_6.3
30088,-1,X384_0.7
23967,-1,X384_3.1
23965,-1,X384.1_3.3
10873,144,X384.1_3.8
17169,144,X384.1_4.3
6339,755,X384.2_3.6
10513,-1,X384.9_0.9
13074,-1,X385_1.7
8408,501,X385_4.2
3511,381,X385.1_5.3
29607,1100,X385.1_6.9
4741,237,X385.1_7.6
11149,1620,X386_4.6
11049,-1,X386.1_3.1
7679,-1,X386.1_4.3
11719,-1,X386.1_5.9
22638,-1,X386.2_7.5
5017,-1,X387_2.8
3093,61,X387_3.2
1229,-1,X387_3.3
8495,-1,X387_3.5
16433,592,X387_5
20640,-1,X387.1_7.5
20681,-1,X387.1_8.2
22926,-1,X388.1_1.8
11532,-1,X388.1_4.1
9011,-1,X388.1_5
11252,-1,X388.2_3.3
11662,640,X388.3_7.8
11487,2450,X388.7_2.1
12051,-1,X388.8_3.9
3567,-1,X388.9_1.4
21570,36,X389_3.3
774,44,X389_4.1
7946,208,X389_4.8
21455,-1,X389_6
2752,-1,X390_4.2
17781,-1,X390_5.1
7759,142,X390.8_3.6
1549,-1,X390.9_4.1
17859,1063,X391.1_7.1
17753,142,X391.2_3.8
23479,-1,X391.2_6.1
17732,-1,X391.2_7.4
22050,-1,X391.3_6.3
30463,108,X392_3
30378,-1,X392_6.2
779,142,X392.1_3.2
23477,-1,X392.4_4.9
11971,-1,X392.5_4.4
8781,-1,X393_3.6
22354,-1,X393.1_7.2
23764,1449,X393.1_7.9
19994,-1,X393.2_8.2
20730,-1,X393.4_5.4
11831,86,X393.7_4.1
17414,110,X394.2_6
9876,-1,X394.4_6.7
27634,49,X395_1.5
16675,-1,X395_3.4
16970,-1,X395.1_2.5
6397,110,X395.1_5.3
31332,110,X395.1_6.1
3338,54,X395.2_3.5
16341,-1,X395.2_5.8
6412,395,X395.2_6.2
13971,1449,X395.2_6.7
5503,1449,X395.2_8.1
11178,-1,X395.8_1.5
20552,169,X395.9_4.1
13174,144,X396_3.1
11527,-1,X396_4.6
2725,-1,X396.2_3.9
12124,1456,X396.2_6.9
6581,1456,X396.4_6.5
6210,-1,X397.1_6.2
3453,-1,X397.2_5.9
6100,-1,X397.2_6.8
3559,-1,X397.2_7.1
14981,-1,X398.1_2.4
24415,396,X398.1_4.4
24530,-1,X398.2_5.2
12173,353,X398.8_2.9
9848,60,X399.1_7.9
3451,446,X399.2_4.3
4711,-1,X399.2_5.8
4321,-1,X400.1_3.4
4372,-1,X400.1_3.7
15826,-1,X400.2_5
26258,-1,X400.3_3.5
15796,1569,X400.8_2.2
22957,-1,X400.8_2.5
15804,1569,X400.9_2
2905,94,X400.9_3.4
21742,-1,X401_0.7
3298,-1,X401_2.7
3293,-1,X401_3
3188,381,X401.1_3.7
29699,1100,X401.1_5.7
26429,20,X401.2_7
16106,331,X402_3
6414,604,X402.1_2.7
5547,142,X402.1_3.6
14154,1100,X402.1_5.8
14987,-1,X402.2_3.2
9337,-1,X402.2_6
21947,-1,X402.3_7.1
11864,331,X403_3
1291,316,X403_5.8
5968,142,X403.1_3.2
8289,-1,X403.1_3.9
6350,-1,X403.2_6.3
13164,-1,X404.1_2.9
8909,-1,X404.1_4
1281,-1,X404.1_5
14130,316,X404.1_5.9
13542,-1,X404.4_5.1
5933,-1,X405.1_2.8
17766,2246,X405.1_3.1
7755,-1,X405.1_4.9
23980,454,X405.2_5.1
7865,-1,X405.6_3.2
16654,840,X405.7_4.1
5628,-1,X406_1.4
8964,-1,X406_2.8
29747,-1,X406_5.5
17324,-1,X406.1_3.2
14348,-1,X406.2_5
736,-1,X406.2_5.2
29793,-1,X406.4_6.5
22569,918,X406.7_1.9
20751,918,X406.9_2.1
23977,-1,X407_5.9
8931,-1,X407.1_3.1
2801,-1,X407.1_4.3
19340,-1,X407.4_3.9
14308,-1,X408.2_4
9707,-1,X409_2.6
10344,-1,X409_6
3913,1715,X409.1_3.6
11458,959,X409.2_4.9
10319,-1,X409.2_5.8
7927,-1,X409.2_7.9
7920,-1,X409.2_8.6
11877,2267,X409.3_5.1
4990,-1,X409.3_7.1
20422,-1,X409.6_5.5
12888,-1,X409.9_4.9
11878,154,X410_4.3
17377,2267,X410.1_5.1
24677,-1,X410.2_3.7
13730,-1,X410.2_5.6
25093,487,X410.8_2.1
13440,-1,X411.1_2.9
5431,782,X411.2_5.9
5425,884,X411.3_6.2
4014,-1,X411.9_3
19250,-1,X411.9_3.3
12178,1116,X412_4.9
19292,-1,X412.1_3.2
15757,1116,X412.1_4.5
6480,-1,X412.1_5.7
25068,487,X412.5_2.1
6361,59,X413_6
3894,-1,X413.1_3.1
7922,1408,X413.1_6.5
3946,-1,X413.2_4.7
3963,-1,X413.2_5.1
11563,-1,X413.2_5.8
3601,1011,X413.2_6.8
17429,1435,X413.2_8.1
6389,1558,X413.3_5.4
11550,-1,X413.3_6.1
29378,1856,X413.8_4
16192,-1,X413.9_4.6
16181,1856,X414_4.3
16205,1396,X414.1_3
7901,963,X414.2_4
21897,1047,X414.2_4.8
16142,-1,X414.4_6.1
8706,-1,X414.9_3
6446,-1,X414.9_4.6
10532,-1,X415_2.6
3048,446,X415.1_3.8
13184,963,X415.1_4.1
4905,-1,X415.1_7.1
6442,-1,X415.2_4.9
3522,1082,X415.2_5.9
9866,60,X415.2_7.9
9989,2166,X415.7_7.1
6319,1848,X415.9_5.5
22181,-1,X416_1
3047,446,X416_3.6
22230,-1,X416.1_4
9447,1047,X416.1_4.9
8131,-1,X416.1_6
22562,180,X416.7_5.9
3237,381,X417_3.9
5430,-1,X417.1_2.1
3231,1047,X417.1_4.9
3223,-1,X417.1_6.4
16685,-1,X417.1_7.6
3430,1054,X417.2_4.4
20020,-1,X417.2_5.1
16732,-1,X417.5_2.6
5409,362,X417.5_3.6
22521,194,X417.9_2
21119,1173,X418_3
21135,-1,X418.2_7
7952,1054,X418.3_4.7
17599,-1,X418.7_2.1
4359,194,X419_2.2
2716,-1,X419.1_4.9
4298,-1,X419.1_5.1
10643,-1,X420.1_2.8
6338,797,X420.1_3.2
28261,-1,X420.2_2.4
851,-1,X420.2_5.3
28367,797,X420.4_3.2
21558,592,X420.6_7
7673,-1,X420.9_2.8
9372,919,X421_3.4
13427,-1,X421.2_6.6
17848,-1,X421.2_7.2
7521,919,X422_3.2
5702,-1,X422.1_4.1
29632,-1,X422.2_2.6
23543,-1,X422.2_8.1
20775,-1,X422.3_7
6005,1205,X423_2
16232,1205,X423_2.1
6052,2138,X423.1_3
5952,-1,X423.1_3.5
7407,1017,X423.1_3.8
1478,-1,X423.1_3.9
7335,248,X423.2_7.1
20873,1205,X423.7_2.1
21154,-1,X423.9_1.9
1750,-1,X424_2.9
13490,-1,X424.1_5.9
11567,2327,X425_2.3
20787,-1,X425_3.9
8028,208,X425.1_2.7
22264,1128,X425.2_4.5
21397,-1,X425.2_5.7
7915,-1,X425.2_7.3
7950,-1,X425.3_6.6
20479,501,X426_4.8
9530,-1,X426.2_7.9
9851,-1,X426.4_5.9
23066,811,X427.1_3.1
8774,412,X427.2_4.2
912,412,X427.2_4.4
7502,1211,X427.2_5.3
26477,-1,X427.2_6.6
5084,-1,X427.2_8.1
2708,660,X427.2_8.4
10318,-1,X428_3.2
30438,1603,X428_4.3
9434,2,X428.1_7.9
6643,-1,X428.2_6
17594,-1,X428.9_1.6
15370,-1,X429_3.4
11492,-1,X429.1_5.4
20945,-1,X429.2_4.2
15558,-1,X429.2_4.6
7830,-1,X429.2_4.9
3538,323,X429.2_5.1
17399,-1,X429.2_5.8
19447,2,X429.2_8.1
2926,136,X429.2_8.4
17107,1439,X429.5_3.5
24654,-1,X429.9_4.2
7890,-1,X430_3.1
7804,-1,X430_4
14218,1011,X430_5.1
7511,167,X430.1_2.6
6436,-1,X430.2_5.5
9331,1803,X430.2_6.4
20655,-1,X430.3_4.8
2732,-1,X430.8_2.7
17178,855,X431.1_5
3360,-1,X431.1_6.4
5596,167,X431.2_2.8
5535,-1,X431.2_4.1
4802,984,X431.2_4.7
703,205,X431.2_6.7
744,205,X431.2_7
8017,868,X431.3_5.9
729,205,X431.4_6.2
20537,205,X431.7_6.7
14524,-1,X432.1_3.2
15009,984,X432.2_4.6
9959,766,X432.9_2.4
24655,766,X432.9_2.6
14983,1569,X432.9_2.8
20546,766,X433_2.2
14943,-1,X433_3.1
17825,198,X433.1_4.3
9858,-1,X433.2_6.5
11655,205,X433.3_7
6465,205,X433.3_7.4
12042,407,X433.9_2.7
20964,766,X434_2.2
20972,766,X434_2.4
19446,205,X434_6.5
20961,397,X434.1_3.6
5890,205,X434.1_6.9
6275,-1,X434.2_5.4
6310,-1,X434.9_2.1
6278,1020,X434.9_2.3
5871,397,X435_3.4
11821,-1,X435.1_4.6
6269,-1,X435.1_5.3
5772,2362,X435.1_6.6
6303,2362,X435.1_6.9
18565,-1,X435.2_7.4
9419,-1,X435.9_5.1
23274,1020,X436_2.3
16317,-1,X436_4.1
26451,-1,X436_6.5
14322,-1,X436.1_4.3
14175,793,X436.1_5.8
30344,-1,X436.6_5.8
4772,216,X436.8_4.2
20578,-1,X437.2_6.8
9963,-1,X437.2_7
24721,-1,X437.3_7.1
12088,-1,X437.6_2.5
14011,47,X437.7_3.5
12084,1447,X437.9_2.7
23282,-1,X438_0.8
9338,2134,X438.2_6.1
7935,-1,X438.3_4.1
23844,-1,X438.3_5.9
17442,-1,X439.1_5.7
17913,1057,X439.2_5.4
9859,142,X440_1.1
17788,72,X440_5.5
12048,2081,X440.2_3.2
17770,516,X440.3_5.1
13548,1081,X440.4_4.3
3371,1486,X440.4_8
9334,14,X440.5_8.3
3023,311,X441_2.7
21966,432,X441.1_3.2
29365,86,X441.1_3.7
17754,659,X441.1_6
21032,283,X441.1_8.8
7573,-1,X441.2_4.5
23761,-1,X441.2_5.1
7541,1057,X441.2_5.4
17727,634,X441.2_5.7
7508,516,X441.2_5.8
28299,167,X441.2_6.5
2769,-1,X441.2_6.9
17713,-1,X441.2_7.5
8818,1486,X441.2_8
15831,14,X441.2_8.4
26411,-1,X441.9_1.2
24425,-1,X442_2.1
22215,-1,X442_3.1
21407,1729,X442.2_8
11147,-1,X442.2_8.4
5149,-1,X442.3_5.9
6396,-1,X443.1_3.5
2738,205,X443.2_4.5
1260,292,X443.2_6
13571,8,X443.2_7.2
2736,141,X443.3_8.4
13718,-1,X444.1_3.8
6761,758,X444.1_4.2
29703,212,X444.3_8.4
23746,927,X444.4_8.1
8558,-1,X445.1_2.5
22915,1832,X445.1_3.9
5917,-1,X445.2_3.3
20455,-1,X445.2_3.5
20638,205,X445.2_4.4
24433,205,X445.2_5.8
21471,927,X445.3_8.1
22517,1190,X446.1_5
30412,-1,X446.2_2.1
9449,1016,X446.2_8.1
18642,-1,X446.7_2.1
13471,-1,X447.2_4.5
8721,-1,X447.2_5.7
11668,-1,X447.2_5.9
10988,-1,X447.2_8.1
6441,-1,X448.1_4.8
21721,776,X448.2_2.9
16665,108,X448.2_3.8
9896,-1,X448.2_6.9
15478,397,X449_3.8
5801,-1,X449.1_3.3
22225,205,X449.2_5.3
17592,-1,X449.2_7.6
15597,-1,X449.2_7.9
15690,-1,X449.2_8.1
6089,205,X449.3_4.7
2711,-1,X449.3_8.4
24258,-1,X449.8_3.4
21156,-1,X449.9_3
9415,371,X450_4.2
7737,-1,X450.1_4.5
1136,-1,X450.9_2.3
1120,179,X450.9_3.9
24825,-1,X451_0.9
3625,-1,X451.1_3.2
2899,-1,X451.1_3.5
16973,-1,X451.1_4.9
19355,-1,X451.3_5.3
3015,-1,X451.3_7.1
10669,-1,X451.3_8.1
3840,-1,X451.3_8.4
3096,-1,X451.4_7.6
4428,579,X451.5_3.1
15800,29,X451.8_2.3
9623,2109,X452.6_3.3
1714,-1,X453.1_3.3
2754,-1,X453.1_3.8
6308,-1,X453.2_5.8
7482,72,X453.3_5.6
5691,615,X453.3_7.2
5751,-1,X453.3_7.4
5950,-1,X453.3_8.1
27584,395,X453.9_0.9
15894,-1,X454_2.6
6318,-1,X454.1_5.6
20164,-1,X454.1_7.1
12158,-1,X454.3_4.7
5687,-1,X455.2_4.1
21857,-1,X455.2_6.3
6077,868,X455.2_6.7
13637,-1,X455.3_6.1
4766,154,X455.8_3.3
19179,101,X455.9_1
8695,-1,X456.2_5
23320,101,X456.6_1
23365,-1,X457_3.1
6475,-1,X457.1_6.5
4718,88,X457.2_4.3
20732,88,X457.2_4.7
13612,-1,X457.2_5.9
20644,-1,X457.2_7.6
6456,-1,X457.3_7
20573,25,X457.3_8.4
25343,-1,X457.9_3.2
17710,-1,X457.9_8.4
20472,88,X458.2_4.4
18206,88,X458.2_4.7
20430,604,X458.5_4
8761,-1,X459.1_3
12708,-1,X459.1_3.4
2785,1173,X459.1_8
21336,2246,X459.2_5.4
20980,-1,X459.2_5.9
6533,868,X459.3_6.4
16935,-1,X460_3.3
2773,205,X461.1_3.1
2833,-1,X461.1_3.3
9077,-1,X461.1_5.1
2879,-1,X461.2_3.8
20539,-1,X461.2_4
2733,205,X461.2_4.2
11765,-1,X461.2_4.3
5546,-1,X461.2_7.6
30390,4,X461.2_8.1
2836,753,X461.3_6.8
30128,1435,X461.7_8
10912,1889,X462.2_4.8
10905,-1,X462.3_4
29778,1435,X462.3_8
11714,1044,X462.4_6
21743,-1,X462.7_6.8
2922,205,X463.1_2.9
4233,205,X463.1_4.6
2757,205,X463.2_3.3
1394,205,X463.2_3.7
1217,-1,X463.2_3.9
6885,-1,X463.2_4.1
4241,-1,X463.2_6.1
14219,111,X463.2_6.6
924,-1,X463.2_6.9
12772,484,X464_5.7
15862,111,X464_6.5
12355,21,X464.1_3.5
12622,823,X464.2_4.4
19208,-1,X464.8_1.7
1190,-1,X465.2_2.6
998,-1,X465.2_4.8
2819,-1,X465.3_7
7954,-1,X465.3_8.1
3827,-1,X465.4_8.5
14769,99,X465.9_1.2
21765,99,X465.9_1.6
4306,-1,X466_2.6
4564,-1,X466.1_8.4
5052,205,X466.3_3.8
21034,829,X466.3_4
19207,-1,X466.4_8.1
24765,-1,X466.9_2.1
7359,-1,X467_4.4
3103,1360,X467.2_4.8
24617,205,X467.2_4.9
4882,1960,X467.2_7.6
4360,-1,X467.2_7.7
17711,-1,X467.3_7.4
31309,-1,X467.3_7.9
9940,-1,X467.3_8.3
24575,167,X467.8_7.1
7326,-1,X468.1_4.3
16846,-1,X468.1_5
22520,1098,X468.1_5.3
29701,1098,X468.1_5.5
6933,-1,X468.2_5.9
29870,-1,X468.2_6.1
16783,-1,X468.2_6.7
15897,-1,X468.4_7.4
10099,-1,X468.8_7.1
13489,648,X469_2.9
4705,108,X469.1_3.7
7211,498,X469.2_5.1
6906,498,X469.2_5.2
27783,167,X469.3_7.1
17003,1856,X469.3_8
14307,717,X470.1_6.3
14448,-1,X470.2_5.1
20470,-1,X470.2_5.4
14256,717,X470.2_6.5
20948,736,X470.9_2.1
6521,-1,X471.1_6.4
1110,102,X471.2_5.9
14136,-1,X471.6_3.9
19491,321,X471.9_0.9
20556,321,X471.9_1.1
20773,-1,X472.1_2.2
9322,1293,X472.2_5.5
16312,1293,X472.2_5.8
5070,2226,X472.2_6.7
19972,202,X472.4_5.1
31467,459,X472.4_6.8
5090,-1,X472.9_2.3
5286,-1,X473.1_2.8
5386,1241,X473.1_3
13588,88,X473.1_3.3
6477,102,X473.2_5.8
6459,-1,X473.2_6.1
22017,2226,X473.2_6.6
6438,-1,X473.2_7.1
964,855,X473.4_7.5
20754,-1,X473.9_2.3
10015,-1,X474_1
10428,1241,X474_3
11973,-1,X474_4.1
8045,-1,X474_4.4
11656,-1,X474.1_3.6
7949,855,X474.1_7.4
4981,353,X474.2_3.9
9321,337,X474.2_4.7
9328,-1,X474.2_5
3465,521,X475.1_3.4
11669,-1,X475.1_4.2
1363,-1,X475.1_4.4
6683,-1,X475.2_6.5
24599,-1,X475.2_6.6
6894,-1,X475.3_6.1
19461,-1,X475.3_7.3
16631,-1,X475.5_8
6374,-1,X476_5.5
20484,-1,X476.1_2.4
18708,108,X476.1_5.4
5191,-1,X476.2_3.4
9459,-1,X476.2_6.3
1726,-1,X477.1_3.4
5921,-1,X477.2_3.9
1346,-1,X477.3_6.6
7938,236,X477.3_7.6
5954,823,X478.1_4.9
9411,-1,X478.1_7
9654,-1,X478.2_4.2
1648,-1,X478.2_5.8
9662,-1,X478.3_6.5
28342,-1,X478.7_1.3
5050,1144,X479.1_2.9
5123,21,X479.1_4
2883,-1,X479.1_5.8
1211,199,X479.2_4.2
15872,1908,X479.2_7.8
20940,-1,X479.3_6.4
20937,1908,X479.3_7.6
5707,-1,X479.3_7.7
12120,-1,X480_2.3
7793,1159,X480.1_3.5
12063,-1,X480.1_6
21015,-1,X480.2_6.5
9341,422,X480.3_7.3
22062,136,X480.9_6.1
955,-1,X481_3.6
6398,-1,X481.1_3.1
2737,1213,X481.2_4.8
29936,-1,X481.9_8
867,950,X482.4_8
4900,-1,X483.1_2.7
5294,498,X483.2_5.7
3358,-1,X483.3_7.3
11512,956,X484.1_3
6755,-1,X484.2_6.7
21033,-1,X484.3_5.3
24788,-1,X484.4_3.2
10877,956,X485_2.9
7138,-1,X485.1_4.4
7032,498,X485.1_5
6924,-1,X485.1_6.1
7134,-1,X485.2_4.8
6661,498,X485.2_5.5
6922,-1,X485.2_6.9
10445,-1,X485.2_7.6
6666,-1,X485.2_7.8
21549,498,X485.6_5
8878,-1,X485.8_3.1
23308,-1,X486_4.2
21169,763,X486.1_4.7
13606,-1,X486.2_6.2
13607,-1,X486.4_5.6
17709,-1,X487.2_2.8
1034,-1,X487.2_5
7896,-1,X487.2_5.8
17745,-1,X487.2_6.4
20604,-1,X487.8_1.5
20798,-1,X487.9_0.7
20577,1051,X487.9_0.9
20565,1051,X487.9_1.2
9356,-1,X488_6.9
9365,763,X488.1_5
22117,-1,X488.1_6.5
763,-1,X488.2_3.4
29203,-1,X488.2_4.6
9318,-1,X488.2_4.7
13486,-1,X488.2_5.4
6392,-1,X488.2_5.7
29872,-1,X488.2_5.9
2772,-1,X488.3_4.4
15724,236,X488.4_7.9
21505,1051,X488.7_0.9
10402,152,X489.1_3.4
2777,-1,X489.2_4.9
22610,2020,X489.2_5.2
6483,-1,X489.2_5.5
13605,-1,X489.2_5.9
17718,627,X489.2_6.4
12081,-1,X489.2_7.2
24406,-1,X489.3_7.9
2728,-1,X489.5_8.4
21475,527,X489.8_2.3
7605,1293,X490.1_5.3
13130,-1,X490.1_8
29748,1413,X490.3_2
3577,398,X490.4_8.4
22626,1413,X490.8_2
15076,-1,X490.9_2.7
7606,-1,X490.9_3.4
6432,2422,X491.1_5.8
10202,-1,X491.1_6.3
758,-1,X491.2_4.8
8319,-1,X491.2_6
6435,2422,X491.2_7
8087,-1,X491.3_4.3
3072,11,X491.3_5.4
8178,-1,X491.4_6.4
8316,-1,X491.9_6.7
15743,-1,X492.1_5.2
8811,-1,X493.1_2.8
10857,-1,X493.2_3.5
7598,-1,X493.2_4.1
11533,10,X493.2_4.2
8807,587,X493.2_5.5
7585,-1,X493.2_5.9
809,-1,X493.3_5.1
7609,-1,X493.3_5.8
20544,-1,X493.7_2.8
20641,-1,X493.8_3.5
6839,-1,X494.1_5.6
20580,1051,X494.9_1.6
20582,1051,X494.9_1.8
20502,-1,X494.9_4.3
27802,486,X495_3
5197,263,X495.1_6.6
12053,-1,X495.2_3.5
3130,-1,X495.2_6.2
5508,353,X495.3_5.1
20808,896,X495.3_5.7
20983,228,X495.3_6
20958,-1,X495.4_8
20562,1051,X495.7_1.5
5175,1126,X495.9_3.7
5297,896,X496.2_5.6
12217,-1,X496.3_6.1
10495,1608,X496.4_6.8
23754,896,X496.5_5.7
30880,8,X496.5_6.7
10667,-1,X497.1_3.4
4270,-1,X497.1_4.3
4969,-1,X497.2_5.8
4190,-1,X497.2_7.2
3079,8,X497.3_6.7
4154,-1,X497.3_7.1
4071,615,X497.3_8.1
22249,-1,X497.9_7.9
6047,1159,X498.1_4.3
1398,1315,X498.8_2.1
4537,-1,X498.9_2.9
1798,-1,X499_2.3
8556,-1,X499.1_6.4
13640,-1,X499.2_5
6298,-1,X499.2_7
14520,2159,X499.3_4.6
5908,-1,X499.3_5.2
1792,-1,X499.3_6
1240,-1,X499.3_6.7
1677,-1,X499.4_1
6110,-1,X499.4_8.4
1758,-1,X499.9_2.4
12672,-1,X500_2.1
15087,56,X500.1_5.1
6793,56,X500.3_6
9469,-1,X500.4_7.7
5998,1116,X501_3.2
2714,946,X501.1_4.9
14092,165,X501.1_5.5
6834,459,X501.1_6.1
9051,946,X501.2_5
12238,459,X501.3_7.3
24491,-1,X501.5_7
739,-1,X502_6.1
23604,-1,X502.1_3.8
22476,274,X502.1_4.7
22145,527,X502.1_4.8
8748,855,X502.1_5
8752,-1,X502.1_7.4
20690,274,X502.2_4.3
8744,56,X502.2_5.8
22442,-1,X502.2_8.2
26290,2369,X502.3_7.2
6840,-1,X502.5_4.8
3366,165,X503.1_4.8
2805,-1,X503.8_5.4
21519,1051,X503.9_0.8
27894,1051,X503.9_1.3
20548,1051,X503.9_1.4
20545,1051,X503.9_1.6
22091,-1,X503.9_1.8
1292,-1,X503.9_6.1
8834,-1,X504.1_5.8
2838,505,X504.2_4.7
16809,2110,X504.3_2.4
16947,-1,X504.9_2.1
5619,-1,X505_3.8
11027,2047,X505.1_2.4
13613,-1,X505.1_3.5
10060,-1,X505.1_4
3745,-1,X505.1_4.8
1241,-1,X505.2_4.5
13608,-1,X505.2_5.2
3399,-1,X505.2_7.3
15004,11,X505.3_5.7
10715,1831,X506.3_3.5
19964,1394,X506.5_6.2
10900,-1,X506.8_0.9
17153,-1,X507_2.5
11808,1831,X507_3.3
13610,-1,X507.1_5
11994,131,X507.2_4.8
9875,731,X507.7_6.1
11348,839,X508.2_3.9
24576,2420,X508.5_4.3
22853,-1,X509_2.5
7667,1126,X509_3.9
27793,-1,X509.2_4.5
20457,-1,X509.2_5.2
13470,361,X509.3_4.9
2703,361,X510.1_4.9
16635,-1,X510.2_5.2
13901,88,X510.3_5.6
22565,8,X510.5_6.9
13488,997,X510.9_2.5
25001,-1,X511_3.8
13528,-1,X511.1_4.3
2727,349,X511.2_4
16313,-1,X511.2_6
13685,1151,X511.2_6.3
21746,8,X511.2_6.8
16636,-1,X511.3_8.1
25784,-1,X511.4_5.1
4751,1950,X511.4_7.4
2862,1151,X511.7_6.2
22954,-1,X512.1_5.3
22541,-1,X512.2_5.1
16627,-1,X512.3_6
15704,51,X512.8_5.5
5264,1889,X513_2.9
4967,-1,X513.1_5
6589,-1,X513.1_6.2
3699,1950,X513.1_7.3
7852,-1,X513.2_4.3
2985,-1,X513.2_5.2
6794,-1,X513.2_6
3509,51,X513.3_5.5
3392,88,X513.3_5.8
2944,8,X513.3_6.5
8842,954,X514.4_5.7
3588,1016,X514.9_2.3
3746,-1,X515.1_3.4
1546,126,X515.2_4.7
1113,88,X515.2_5
1312,-1,X515.2_5.2
6444,-1,X515.2_6.6
6447,-1,X515.2_7
5734,220,X515.5_4.1
11364,-1,X516_6.3
5227,-1,X516.1_4.8
1628,-1,X516.1_6
1471,-1,X516.2_5.4
3479,1016,X516.9_2.5
1439,54,X517.1_4.5
4972,-1,X517.1_6
5277,-1,X517.1_6.6
5749,-1,X517.3_5.8
9520,-1,X517.3_7.8
19312,-1,X518.1_2.8
12352,627,X518.1_6.8
24529,-1,X518.1_7.8
21164,-1,X518.2_4.8
17829,509,X518.3_5.6
13491,-1,X518.6_2.1
5212,-1,X519_2.8
9538,-1,X519.2_3.7
6634,1289,X519.2_5.8
10252,745,X519.4_6.1
16130,-1,X519.9_6.5
3364,-1,X520_4.4
8198,-1,X520.2_4
24689,975,X520.2_4.2
18280,1394,X520.2_5.1
15417,-1,X520.2_7.8
8069,10,X520.3_5.2
6565,-1,X520.3_5.9
13535,-1,X520.5_2.1
4778,505,X520.9_3.9
7668,-1,X521_2.8
3523,-1,X521_4.4
10883,975,X521.1_4.2
16202,-1,X521.1_5.1
5990,-1,X521.2_5.8
16190,-1,X521.2_6.3
4239,-1,X521.3_6.8
13698,-1,X522.2_5.9
6867,1392,X522.3_4.8
20444,-1,X522.4_6.5
10098,-1,X522.5_3.1
6564,-1,X523_6.7
21797,-1,X523.1_3.9
1081,-1,X523.1_7.1
2747,88,X523.2_4.9
21799,-1,X523.2_6.1
16833,-1,X523.9_2.5
12332,-1,X524.2_3.9
5240,-1,X524.2_5.3
17631,-1,X524.6_4.4
1447,-1,X524.9_2.3
5519,-1,X525.2_5.4
1352,-1,X525.6_2.2
3351,947,X526.4_4.1
19212,-1,X526.9_4.9
10804,-1,X527.1_6.7
14214,-1,X527.2_3.7
6783,-1,X527.2_6
8296,-1,X527.3_8.5
19851,349,X527.6_3.4
7970,-1,X528.1_6.3
8817,947,X528.2_3.8
942,-1,X528.8_2.3
9320,-1,X529_4.4
21550,-1,X529.1_4.2
810,-1,X529.1_5.3
21723,-1,X529.3_2.9
15833,-1,X529.3_5.6
2741,65,X529.4_5.2
5487,-1,X530.2_3.8
3344,-1,X530.2_4.1
19977,65,X530.2_4.7
13644,65,X530.2_5.2
11653,611,X530.3_5.6
9361,-1,X530.3_6.2
20725,-1,X530.3_6.9
27856,2002,X530.8_2.8
5505,-1,X530.8_4.9
6362,-1,X531.1_3.6
3425,835,X531.1_4
3350,65,X531.2_5.1
9329,65,X531.2_5.2
9879,199,X531.2_5.7
6519,-1,X531.3_7
3422,-1,X531.4_7.6
6332,238,X531.4_9.5
5485,835,X531.5_4
30031,-1,X531.9_8.5
30459,-1,X532.1_6.5
8386,-1,X532.2_4
9323,2519,X532.2_4.2
9340,649,X532.2_4.8
13930,65,X532.3_5.3
13951,-1,X532.4_3.4
10781,199,X532.6_5.4
6445,-1,X532.9_7
2835,899,X533.2_6.3
23677,248,X533.2_6.6
24359,-1,X533.4_7
6418,238,X533.4_8.8
17789,1289,X534_6.2
5700,-1,X534.1_5
5999,-1,X534.2_3.5
10780,-1,X534.2_4.2
8435,509,X534.2_4.6
9508,-1,X534.2_5.3
5603,-1,X534.2_5.8
9575,-1,X534.2_8.1
5738,509,X534.6_4.6
13735,131,X534.6_6.4
710,-1,X534.9_2.3
29682,414,X535.1_2.8
15042,414,X535.1_2.9
6049,580,X535.1_4.4
3400,-1,X535.1_4.7
3586,-1,X535.2_5.1
3663,1378,X535.2_5.8
3633,1289,X535.2_6.1
21044,-1,X535.2_6.5
3610,-1,X535.2_6.6
29670,414,X535.3_2.7
6272,-1,X536_3
5694,-1,X536.1_5.8
6102,-1,X536.1_6.7
30043,-1,X536.2_4.6
980,-1,X536.2_4.7
6212,-1,X536.2_5.4
10687,-1,X536.9_2.9
4002,-1,X536.9_4.6
4387,675,X537_3.1
20806,-1,X537.2_3.1
8542,199,X537.2_5.1
8476,-1,X537.2_6.6
10697,131,X537.2_6.9
17619,-1,X537.3_8.4
20666,527,X538.2_4.2
21322,-1,X538.2_8.1
20653,1174,X538.3_5.1
8041,8,X538.4_7.3
17729,8,X538.5_7.4
12378,-1,X539_4.7
1408,758,X539.1_3.9
6552,-1,X539.1_6.6
2724,-1,X539.3_6.8
30053,8,X539.3_7.3
2998,-1,X540.1_6.2
24365,-1,X540.2_4.1
3014,-1,X540.2_4.2
18405,-1,X540.2_4.4
930,247,X540.3_5.5
26497,167,X540.4_7
10746,543,X541.1_4.5
3555,521,X541.3_4.8
9865,167,X541.3_6.8
18603,-1,X541.3_7.2
23924,1541,X541.3_8.4
5803,-1,X542.2_5.8
10943,376,X542.5_3.7
18592,100,X542.9_6.3
9324,-1,X543.1_5
15857,247,X543.2_6
21732,-1,X543.2_7.3
5047,-1,X544.1_6.2
11263,-1,X544.2_3.4
9905,-1,X544.6_1.1
24016,1419,X544.8_5.5
5126,-1,X544.9_2.7
15334,1851,X545.1_3.2
1252,144,X545.2_4.2
6821,600,X545.2_5
6830,542,X545.3_5.9
6856,-1,X545.4_6.3
11491,1851,X545.6_3.3
8070,542,X546_6
3501,-1,X546.1_3.8
24597,144,X546.1_4.1
3490,-1,X546.1_5.1
10400,-1,X546.3_4.4
8123,-1,X546.4_5.5
20526,542,X546.7_5.8
8223,1851,X547_3.3
8172,542,X547.3_6
3394,-1,X547.6_7.2
1630,-1,X548.1_4.8
3169,131,X548.1_6.5
17060,-1,X548.1_7.9
8394,2423,X548.2_3.7
6526,-1,X548.2_5.7
18661,2423,X548.3_3.5
16343,-1,X548.3_8.4
3273,2110,X548.4_2.5
12209,-1,X549.2_5
16360,-1,X549.2_7.5
12335,-1,X549.4_4.8
1324,-1,X550.1_2.7
1086,-1,X550.1_4.8
15651,-1,X550.1_6
2893,-1,X550.1_7
11184,210,X550.2_2.4
13239,349,X550.2_3.9
6551,-1,X550.2_5.4
29820,349,X550.3_4
3170,-1,X551.1_4.3
12864,131,X551.1_7
22244,-1,X551.2_6.2
919,-1,X552_2.9
23522,-1,X552_6.3
20572,-1,X553_2.2
19932,-1,X553_3
5321,-1,X553.1_5.8
4366,-1,X553.2_4
5987,-1,X553.2_4.5
6317,-1,X553.2_7.1
5601,8,X553.2_7.6
5602,1773,X553.3_5.1
5165,-1,X554.1_5
21321,-1,X554.2_4.7
14071,1814,X554.4_3.8
6985,-1,X555_3.5
3875,-1,X555.2_4.2
9743,793,X555.2_4.4
17762,-1,X555.3_7.2
7784,330,X555.3_8
708,-1,X555.9_3.6
20571,-1,X556_4.7
12085,-1,X556.2_4.1
20505,-1,X556.3_5.1
3301,-1,X556.8_4.5
5560,-1,X557_5
3275,-1,X557.1_5.2
5199,2166,X557.2_6.1
17653,2166,X557.2_7.6
7091,889,X557.3_6.5
26334,-1,X557.4_8.7
28281,970,X558.1_5.6
9695,323,X559.1_3.9
3944,-1,X559.2_5.2
4210,1378,X559.2_5.8
9425,228,X559.2_6
4167,-1,X559.2_6.6
3681,-1,X559.3_6.4
22563,-1,X560.7_0.9
19510,-1,X560.7_1.1
25321,-1,X560.7_1.5
25106,-1,X560.7_1.7
5226,-1,X561_3.1
11984,-1,X561_4.3
5146,-1,X561.1_3.3
1579,-1,X561.1_4.2
3161,-1,X561.1_5.1
15164,-1,X561.1_8
1373,-1,X561.2_5.9
3450,1851,X562.1_3.2
6570,443,X562.1_5.9
3737,2062,X562.2_3.9
3595,2062,X562.2_4.1
22084,765,X562.3_9.2
11992,1851,X563_3.2
1059,-1,X563_6.1
9571,-1,X563.1_6
9613,-1,X563.2_5.1
18732,736,X563.3_5.7
9841,-1,X563.3_6.4
3764,1153,X563.3_7.9
3797,-1,X563.3_8.4
27915,-1,X563.4_8.6
29614,-1,X563.7_1.7
17185,211,X564_4.8
720,1245,X564.2_3.8
8908,663,X564.2_4.1
13225,211,X564.2_4.7
18641,736,X564.2_5.8
17435,1153,X564.2_7.9
10798,210,X564.3_2.8
3786,142,X564.3_3.9
3916,-1,X564.3_5.3
5275,765,X564.3_8.5
17441,765,X564.3_8.7
3765,-1,X565_2.8
8799,-1,X565.1_4.9
4956,-1,X565.2_6.6
5370,-1,X565.3_7.9
19907,-1,X565.3_8.1
11155,-1,X566_2.8
6452,-1,X566_6.4
1578,349,X566.2_3.3
1192,349,X566.2_3.8
8581,210,X566.3_1.9
9013,349,X566.6_3.4
17558,-1,X566.7_1.9
1354,-1,X566.9_2.8
9000,349,X566.9_3.4
9169,-1,X567.1_2.7
5141,-1,X567.1_6.1
6315,167,X567.1_7.4
17554,8,X567.1_7.8
13485,-1,X567.3_6.8
12047,167,X568_7.3
748,-1,X568.1_3.7
20861,793,X568.1_5.3
10123,-1,X568.2_5.1
11019,347,X568.2_5.9
7722,347,X568.2_6.4
4756,-1,X568.3_3.4
7666,-1,X568.3_4.8
15165,-1,X568.3_8
6321,167,X569.1_7.3
6358,347,X569.2_5.9
1348,967,X570.1_4.4
21458,-1,X570.2_4.6
15892,-1,X570.4_7
21720,-1,X570.6_2.6
24880,-1,X570.7_2.4
19358,-1,X571_3.3
7010,-1,X571.1_5.7
3406,88,X571.2_3.9
3607,-1,X571.3_7.7
5539,-1,X571.4_5.9
3521,-1,X571.4_7.6
695,-1,X572_3.6
9895,-1,X572.1_6.5
5263,207,X572.4_3.6
21016,725,X572.5_5
4320,725,X573.1_4.9
4491,-1,X573.1_5.8
1328,228,X573.2_6.1
2942,238,X573.4_7.8
12027,-1,X573.7_5
892,-1,X574.1_3.5
17807,-1,X574.4_8.8
4114,-1,X574.9_3.5
2953,-1,X575_4
14491,-1,X575.1_4.6
4161,1640,X575.3_5.1
10777,1640,X575.3_5.9
25443,228,X575.3_6.2
1230,-1,X575.3_8.1
19386,1198,X575.4_7.9
31049,-1,X575.6_1.5
29235,1582,X575.6_8.1
29609,-1,X575.7_1.7
8489,142,X576.2_4.1
10480,-1,X576.2_5.9
23934,-1,X576.2_6.7
20911,-1,X576.7_1
20915,-1,X576.8_1.1
1290,-1,X576.8_2.5
1491,-1,X576.9_2.3
21831,-1,X577_5.6
8951,323,X577.1_3.4
3807,323,X577.1_4
8981,-1,X577.2_6.1
8708,1198,X577.2_8
17500,-1,X577.4_6.6
20759,-1,X577.5_1
29702,-1,X577.6_1.5
25265,-1,X577.7_1.7
19908,-1,X577.7_8.5
22123,211,X577.8_4.2
5336,-1,X578.1_3.3
3029,1007,X578.1_5.8
1248,-1,X578.1_7.4
19920,1558,X578.3_5.1
3402,1110,X578.9_3.3
5255,-1,X579_2.9
13222,-1,X579_3.5
9572,-1,X579.1_4.2
6955,-1,X579.1_5.1
13306,-1,X579.1_6
3391,1058,X579.2_4.5
1770,210,X580.1_2.4
10736,-1,X580.3_8.5
8412,-1,X580.4_8.1
1228,210,X580.8_2.4
23233,-1,X580.8_2.8
1783,580,X581_2.9
3912,-1,X581_3.3
12014,-1,X581_5.8
1462,1058,X581.2_4.3
4040,-1,X581.2_6
11602,-1,X581.2_7
22097,167,X581.9_7.6
3987,683,X582_3.6
8387,-1,X582.1_2.6
20929,349,X582.1_3
4729,571,X582.1_4
11678,-1,X582.2_6.9
8861,174,X582.3_8.5
1655,-1,X583_3.3
3650,1401,X583.2_4
5765,-1,X583.2_5.8
20896,-1,X583.3_3.1
20514,-1,X583.9_5.8
8338,-1,X584_2.8
2702,1184,X584.1_3.5
746,-1,X584.2_2.4
10806,-1,X584.2_4.4
4091,397,X584.2_4.6
3949,105,X584.3_3.8
5630,105,X585_3.8
17292,-1,X585.1_4.7
4730,-1,X585.1_5.9
3494,-1,X585.2_8.1
8895,-1,X585.5_7.6
794,571,X586.2_3.8
5771,311,X586.2_5
14659,-1,X586.3_2.7
12145,-1,X586.3_7.1
8388,-1,X586.9_2.6
9577,571,X586.9_3.8
9001,-1,X587_4.4
16298,-1,X587.1_5.2
21970,-1,X587.1_5.7
3784,-1,X588.1_6
17254,509,X588.4_3.5
29985,-1,X588.6_2.4
19925,-1,X588.7_1.9
15927,-1,X588.7_2.9
8174,-1,X588.8_3.9
722,873,X589.1_3.6
8243,-1,X589.1_7.6
19889,-1,X589.3_4
15950,-1,X589.3_7.3
15888,-1,X590.2_3.2
3477,873,X590.2_3.5
3736,-1,X590.2_5.7
15979,392,X590.3_2.8
7481,-1,X590.3_5
12055,-1,X590.3_5.4
9022,392,X590.8_2.9
8996,-1,X590.9_3.2
4837,672,X591_5.6
13586,-1,X591.1_2.6
13988,-1,X591.1_5.9
11470,-1,X591.2_4.9
27625,-1,X591.2_5.4
4853,-1,X591.2_6.9
14023,1136,X591.2_7.2
8050,1136,X591.2_7.6
16713,1136,X591.2_7.7
23340,765,X591.4_8.9
15020,136,X591.5_3.5
11171,-1,X592_3.4
24824,-1,X592.4_2
4793,149,X592.6_4.9
20555,-1,X592.7_1
20560,-1,X592.7_1.2
13578,-1,X592.8_2.5
16178,-1,X593_3.4
23954,456,X593_4.5
10070,456,X593.1_4.7
18606,1074,X593.3_8.7
7680,683,X594.3_3
24859,-1,X594.3_3.8
24978,-1,X594.4_2.5
15402,164,X594.5_3.5
5622,164,X594.8_2.2
13484,683,X594.8_2.7
4032,-1,X594.8_3.9
4044,-1,X594.9_3.4
16417,-1,X595.1_4.4
4982,394,X595.1_4.6
3715,397,X595.2_3.9
7861,1074,X595.4_8.5
19287,2092,X595.4_8.7
24207,1146,X595.9_3.8
6493,1550,X596_6.8
862,-1,X596.1_3.3
16788,725,X596.3_4.9
2934,-1,X596.3_6
11200,-1,X596.5_7.7
1010,-1,X596.6_2.5
7490,571,X596.7_4.4
21592,1392,X596.8_3.4
3768,1146,X597.1_3.5
5501,88,X597.2_3.9
1789,571,X597.2_4.4
2955,312,X597.2_4.9
8510,312,X597.2_5.1
3658,-1,X597.3_7.4
1177,-1,X597.4_7.9
21473,2044,X597.4_9
21024,-1,X597.4_9.5
21582,-1,X597.9_1.8
12066,556,X598.1_5.9
9924,63,X598.5_4.9
966,-1,X598.6_3.8
5544,8,X598.6_7.3
10435,1138,X598.6_7.7
824,-1,X598.9_4
8514,1174,X599_2.9
840,-1,X599_3.3
14844,822,X599.2_2.5
3410,1527,X599.2_3.5
9428,932,X599.2_4
1140,312,X599.2_4.6
3724,63,X599.3_4.9
5575,-1,X599.3_7.6
29652,-1,X599.9_2.9
5523,-1,X600_3.3
1449,-1,X600.2_2
4752,571,X600.2_4.3
3190,63,X600.2_4.8
7702,755,X600.2_5.2
7663,-1,X600.2_6.3
8209,78,X600.3_8.3
9927,-1,X600.5_8.6
3500,-1,X600.9_3.1
9460,25,X601_3
24894,-1,X601.1_2.8
10363,-1,X601.1_5
9477,-1,X601.2_3.3
3447,88,X601.2_3.5
4879,855,X601.2_5.9
8859,-1,X601.4_5.7
25512,959,X601.4_7.4
10879,105,X601.5_3.8
21821,-1,X601.5_4.5
762,-1,X601.9_3.4
12009,105,X602_3.8
6314,-1,X602.1_7.4
12010,-1,X602.2_4.2
7681,-1,X602.2_4.9
8958,-1,X602.4_3.4
30198,-1,X602.4_8.4
3887,-1,X602.5_8.7
6017,1052,X603.1_2.9
3811,-1,X603.1_3.5
21878,-1,X603.3_6.6
11501,-1,X603.4_8.3
5563,-1,X603.8_2.1
7697,-1,X604.2_5
4814,-1,X604.2_6.5
1632,-1,X604.4_4.5
1259,-1,X605_3.4
15475,-1,X605_4.8
15504,-1,X605.1_5.2
9981,-1,X605.1_5.8
19141,796,X605.2_4.4
16690,-1,X605.3_7.9
10077,236,X605.3_8.2
31052,-1,X605.8_1.8
19953,796,X605.9_4.4
6472,-1,X606.2_6.1
6618,-1,X606.2_6.3
8825,397,X606.3_3.5
16470,-1,X606.7_4.7
8954,-1,X606.9_5.4
13314,-1,X607.1_8.3
4065,-1,X607.2_3.7
759,1245,X608.2_3.7
12560,-1,X608.3_5.3
30004,-1,X608.3_8.7
20747,-1,X608.7_1.2
20769,-1,X608.7_1.5
5586,-1,X608.8_2.1
9700,-1,X608.8_3.3
6508,-1,X608.8_4.6
3356,-1,X608.8_5.4
15910,-1,X609.1_3.6
16008,228,X609.1_5.7
9771,-1,X609.2_7.8
12624,-1,X609.5_8.6
9765,-1,X609.7_4.7
1003,-1,X610_2.5
9733,-1,X610_4
20519,-1,X610.1_4.7
6443,1561,X610.2_4.9
3037,207,X610.2_8.6
1456,509,X610.5_4
18052,-1,X610.6_6.7
16626,-1,X610.7_2
23518,-1,X610.8_0.6
10845,-1,X610.8_2.4
7816,541,X610.8_4.4
9684,-1,X611_3.6
3487,1174,X611_6.6
7971,-1,X611_7.3
8175,1007,X611.1_4
10967,-1,X611.1_4.9
5607,-1,X611.1_6.7
3368,394,X611.2_3.9
16040,228,X611.3_5.6
9451,2207,X611.3_8
26368,-1,X611.3_8.7
4696,571,X612.1_3.6
3102,-1,X612.1_8.5
8712,571,X612.3_4.1
12380,94,X612.3_7.4
15986,-1,X612.8_8.8
3041,-1,X613.1_4.2
5576,1082,X613.2_2.4
2870,-1,X613.2_4
11779,-1,X613.2_5.8
8084,-1,X613.2_7.4
3073,848,X613.4_7.9
21979,1944,X613.4_8.3
10471,1138,X613.4_8.5
15768,848,X613.5_7.7
8065,-1,X613.7_2.4
23318,-1,X614.1_2.7
5106,-1,X614.2_5
7825,556,X614.3_6.6
5910,-1,X614.5_2.5
29659,-1,X614.8_2
5989,40,X615.1_2.6
3989,1527,X615.2_3.5
1273,228,X615.3_6.7
7654,556,X616.1_6.4
4003,-1,X616.2_4.9
9108,-1,X616.3_6.3
21201,-1,X616.6_0.8
20567,-1,X616.6_1.5
1372,40,X616.9_2.6
17275,40,X617.1_2.9
19301,-1,X617.3_6.7
20621,-1,X617.4_1.3
4026,-1,X617.8_2
8840,-1,X617.8_2.2
773,142,X618.2_5.3
9549,4,X618.2_5.8
3881,-1,X618.2_7
12056,266,X618.2_7.5
4483,-1,X618.4_8
4781,-1,X618.6_6.7
4355,-1,X618.7_2.3
4336,-1,X618.8_2.5
4503,-1,X618.8_2.6
17293,378,X619_2.9
17310,528,X619_4.6
21503,-1,X619_5.4
9049,-1,X619.1_4.2
7018,-1,X619.2_6.3
6826,-1,X619.3_5.1
1451,924,X619.4_7.6
4052,-1,X620.1_3.7
19876,-1,X620.2_3.5
4053,-1,X620.2_7
9330,-1,X620.2_7.5
25493,-1,X620.4_6.6
5101,1916,X620.5_8.1
1634,-1,X620.7_2.8
5865,143,X620.8_2.6
11974,-1,X620.9_3.2
13788,-1,X620.9_5.6
17268,1046,X621_3
6735,111,X621.1_5
7003,1856,X621.1_6
15454,-1,X621.1_7.1
9941,-1,X621.2_6.7
6337,-1,X621.2_7.6
6647,-1,X621.6_3.2
7676,683,X622_2.9
1653,760,X622_4.5
6641,-1,X622_5.4
4758,760,X622.4_4.3
13765,1561,X622.5_5.2
19096,297,X622.6_4.5
8848,-1,X622.8_2.6
3493,250,X622.9_2
3127,-1,X622.9_5.6
6802,297,X623.2_4.6
3359,88,X623.2_5
13714,-1,X623.7_5.3
20720,1934,X623.9_5.6
6619,683,X624_3.4
19360,-1,X624_4.7
5857,-1,X624.2_8
858,1245,X624.3_3.5
11898,-1,X624.3_6.9
6762,-1,X624.3_8.4
6717,-1,X624.5_4.4
22527,-1,X624.6_1.4
22349,-1,X624.6_1.6
22635,-1,X624.7_1.3
5562,-1,X624.8_1.9
13220,-1,X624.8_2.2
20611,-1,X624.9_0.9
9181,-1,X624.9_2.6
20590,-1,X625_1.4
20550,-1,X625_1.6
16013,-1,X625_4.6
14525,1110,X625.1_3
4777,-1,X625.1_3.2
6476,-1,X625.2_5
13717,-1,X625.2_6.3
20589,-1,X625.3_1.2
23860,-1,X625.3_1.7
22583,-1,X625.4_0.9
12400,-1,X625.4_4.7
27784,-1,X625.8_4.9
22377,-1,X625.9_3.3
6611,-1,X626.2_4.1
16737,1269,X626.2_7.1
10548,-1,X626.2_7.6
11419,-1,X626.2_7.8
16857,-1,X626.3_6.1
23995,916,X626.5_3.9
4519,-1,X626.9_3
15762,-1,X627_3.5
4217,899,X627_6.1
5873,208,X627.1_4.3
31168,916,X627.3_4.2
21382,-1,X627.4_7.4
20532,-1,X627.6_4
11387,-1,X627.6_5.7
20650,-1,X627.7_4.4
9346,-1,X627.9_6.1
10573,-1,X628.1_4.3
21218,-1,X628.4_2.7
8867,-1,X629_5.4
3373,-1,X629.2_6.3
5810,1110,X629.3_7
6543,-1,X630.1_5
12049,-1,X630.5_6.8
7882,-1,X631.1_5.5
1795,-1,X631.2_5
1744,1940,X631.4_7.4
2881,848,X631.4_7.6
17790,-1,X631.5_7.9
21198,-1,X631.7_0.8
9123,688,X632_3.2
2808,1393,X632.1_5.1
3679,-1,X632.2_6
7701,-1,X632.2_6.7
3397,688,X632.3_3.3
11303,465,X632.5_7.7
17116,-1,X633_3.4
7897,-1,X633.1_6
5688,547,X633.1_6.4
1219,-1,X633.2_5.3
19113,-1,X633.2_5.7
3693,-1,X633.3_5
11729,1063,X633.4_8.4
23533,343,X634.1_4.4
7657,556,X634.2_6.4
21158,-1,X634.3_4.1
11747,1068,X634.3_4.3
9849,1068,X634.5_4.7
30299,1554,X635_6.3
8471,1401,X635.1_5.4
29776,1554,X635.1_6.2
23048,556,X635.1_6.5
3437,1401,X635.2_5
8074,-1,X635.2_5.2
4822,-1,X635.3_7.7
15167,-1,X636.3_7
6743,378,X636.3_8.4
11660,25,X636.4_5.8
24975,131,X636.8_0.9
13531,683,X636.8_2.5
968,683,X636.8_2.7
2971,-1,X636.9_3.4
11975,-1,X637.1_6.5
21100,-1,X637.1_6.7
4832,774,X637.2_5
29864,-1,X637.3_4.1
14108,869,X637.8_2.6
12052,-1,X638.2_3.4
5520,2390,X638.8_1.9
13577,869,X638.8_2.6
13946,-1,X638.8_3.2
3458,1342,X639_5.1
16198,1342,X639.1_5
18861,1342,X639.1_5.2
30425,82,X639.1_5.3
20742,82,X639.1_5.9
5974,82,X639.1_6.4
12182,-1,X639.1_7.7
21781,-1,X639.8_4.6
11659,-1,X640.3_4.5
17255,-1,X640.3_7.3
16079,-1,X640.8_7.2
18064,-1,X641.1_5
14385,82,X641.1_5.9
6779,-1,X641.2_4.2
10520,-1,X641.5_7.6
12172,-1,X641.6_4.5
6691,-1,X642_4.6
7262,-1,X642_5
11910,-1,X642.1_4.3
5942,-1,X642.2_6.4
10676,-1,X642.3_7.8
11018,-1,X642.3_8.1
10617,-1,X643_3.4
6311,-1,X643.1_2.8
15040,-1,X643.1_3.2
7237,-1,X643.3_4.8
6086,592,X643.3_7.4
6782,-1,X644_6.1
10488,-1,X644.3_4.1
4745,-1,X644.4_7.5
18854,963,X644.7_4.8
19102,-1,X644.7_6.1
1674,833,X644.8_4.3
26426,-1,X645.1_6.9
5615,-1,X645.2_5.8
5795,-1,X645.2_6.4
18532,547,X645.3_6.8
7040,417,X646_6
24247,207,X646.4_8.7
916,1907,X646.5_6.6
7674,-1,X646.7_7.2
24786,-1,X646.9_2.7
16615,-1,X647.1_2.3
1379,2136,X647.1_4
1112,-1,X647.2_6.3
2743,-1,X647.2_6.6
5207,-1,X647.3_5.6
5654,1907,X647.3_6.9
5352,238,X647.4_8
5143,-1,X648_4.1
7820,1665,X648.2_4.9
27829,-1,X648.3_8.7
25342,1665,X648.4_4.9
12080,556,X648.4_7
6711,-1,X648.5_5.4
1703,938,X649_4.5
1638,-1,X649.1_4.3
6764,-1,X649.2_4.7
9439,-1,X649.2_6.1
3405,88,X649.3_4.9
1651,312,X649.3_5.9
11519,938,X649.5_4.2
5514,-1,X649.7_1.9
10972,105,X650_3.6
16053,-1,X650.3_4.7
7762,-1,X650.3_5.8
7682,465,X650.4_6.4
10966,-1,X650.8_2.9
15026,131,X651_1.9
29920,-1,X651.1_2.9
1684,1527,X651.2_4.6
11413,-1,X651.2_4.8
5692,-1,X651.3_5.8
24424,1687,X651.3_8.7
9491,-1,X651.4_7
7736,-1,X652.2_7.1
7803,-1,X652.2_9
7818,-1,X652.9_4.6
7735,-1,X653.2_4.1
12207,230,X653.3_6.4
1170,-1,X653.4_3.4
4961,283,X653.8_3.9
10493,283,X653.9_4.2
9779,-1,X654_8
7715,-1,X654.4_5.9
5561,2390,X654.8_1.7
3594,-1,X654.8_1.9
4038,-1,X654.8_3.2
13500,-1,X654.9_6.2
7768,1007,X655_4
7570,-1,X655.2_5
13210,-1,X655.3_6.1
6651,476,X655.7_5.1
19901,82,X655.9_4.8
18261,476,X655.9_5.2
16656,-1,X656.1_6.5
3530,671,X656.2_4
7707,1002,X656.3_7.7
14946,-1,X657_4.2
29897,82,X657_5.5
11405,-1,X657.1_4.8
11438,-1,X657.2_5.1
7799,-1,X657.3_7.2
19225,-1,X657.3_7.6
15466,105,X657.8_3.8
8754,105,X658_3.9
13171,2057,X658.1_4.1
7693,1002,X658.2_6.7
10006,-1,X658.3_7.3
11304,465,X658.5_8.1
2796,-1,X658.9_3.4
1602,2057,X659.1_4.1
6820,-1,X659.2_7.5
14973,-1,X659.3_4
11667,-1,X659.3_6.2
9255,547,X659.3_7.1
8393,-1,X659.4_8.1
1604,-1,X659.9_3.7
9099,-1,X660_3.8
1406,-1,X660_4.1
5703,417,X660.2_5.8
13663,-1,X660.3_5.4
7705,-1,X660.3_6.2
18312,-1,X661_3.9
17963,-1,X661_4.3
6649,1360,X661_5.5
2970,-1,X661.1_4.1
21092,547,X661.2_7.1
18305,-1,X661.3_4.6
18314,355,X661.4_5.8
18328,390,X661.4_7.8
16817,659,X661.4_8.4
9728,1573,X661.7_4.8
8213,1573,X662.1_5.2
4816,-1,X662.2_5.5
832,-1,X662.4_4.5
18662,930,X662.4_7.2
28312,1573,X662.6_5.1
13830,474,X662.8_6.4
10964,-1,X663.2_4.6
16062,930,X663.2_7.3
3339,394,X663.3_4.9
30134,930,X663.3_7.2
3367,-1,X663.4_3.3
5045,-1,X664.2_5.4
12137,-1,X664.4_7.2
5313,541,X665.1_3.5
2929,-1,X665.2_4.1
3361,-1,X665.3_4.9
9626,541,X665.4_3.4
13201,1835,X665.5_7.4
13191,78,X665.7_8.2
9506,-1,X665.9_3.6
18801,-1,X666.1_3.8
9496,-1,X666.1_4.3
7034,1393,X666.1_5.7
4229,-1,X666.2_6.4
16321,-1,X666.2_8.8
16607,330,X666.3_7.6
3860,1835,X666.4_7.4
5711,1203,X667.2_5.2
848,-1,X667.4_6.5
18033,-1,X667.4_7.3
8321,-1,X667.5_6.9
18339,-1,X667.5_7.6
8583,-1,X667.5_7.9
11870,509,X668_4
11746,-1,X668_5.4
11096,1776,X668.3_7.7
7544,-1,X668.5_5.2
6306,-1,X668.7_2.3
11502,-1,X669.2_7.2
18811,-1,X669.3_4.3
905,543,X669.3_6.7
1254,1174,X669.4_6.3
10974,-1,X669.5_4.7
4724,-1,X669.9_4
18417,-1,X670.1_7.7
11152,109,X670.3_4.1
7822,-1,X670.3_8.4
25454,-1,X670.8_7.5
21534,190,X670.9_4.9
3202,1554,X671.1_4
21478,82,X671.1_4.2
24540,82,X671.1_4.5
5951,-1,X671.2_4.3
1725,190,X671.2_4.7
1502,-1,X671.3_4.9
22171,-1,X671.8_4.7
4034,-1,X672.5_4.1
4075,1020,X672.7_3.4
21555,-1,X672.9_4
12210,899,X673.1_6
15458,1851,X673.2_3.4
17493,-1,X673.2_8.6
8862,-1,X673.3_3.9
12293,-1,X673.3_7.7
13190,-1,X674_4
3872,-1,X675.1_3.8
4484,547,X675.1_5.2
4533,-1,X675.1_6.3
17136,2136,X675.2_4.7
4562,-1,X675.2_5.9
4263,1856,X675.3_5
5678,-1,X675.4_7.7
8959,213,X675.8_3.8
5652,-1,X676.2_3.9
16248,774,X677.1_4.8
15481,-1,X677.2_4
16177,-1,X677.2_5.2
15726,930,X677.3_7.5
15638,-1,X677.4_6.9
4726,-1,X677.5_5.6
3143,-1,X677.5_8.5
1705,-1,X678.2_5.9
1087,-1,X678.3_5.4
15517,-1,X679.2_5.2
1280,178,X679.3_4.2
12101,3,X679.3_7.8
4019,25,X679.5_4.6
16617,-1,X679.7_6.4
12149,289,X680.1_5.4
17343,-1,X680.1_6.9
4422,-1,X681.1_3.1
20957,-1,X681.2_9.5
4500,-1,X681.5_3.3
7776,3,X681.5_7.5
7809,-1,X681.5_7.7
5726,-1,X681.8_3.8
6729,-1,X682.1_3.4
5522,286,X682.2_8.1
3798,-1,X682.3_6.4
4893,-1,X683.3_7.6
24066,539,X683.8_2.9
7157,-1,X683.8_8.2
3284,-1,X685.2_3.9
799,25,X685.2_4.5
7940,-1,X685.2_6.5
6954,-1,X685.3_7.3
7187,-1,X685.4_8.1
2823,-1,X685.5_2.3
15689,525,X685.5_6.9
3215,-1,X685.5_9.4
5835,1269,X685.9_4.9
3805,-1,X686.1_3.7
31054,525,X686.1_7
5616,-1,X686.2_5.8
4236,-1,X686.2_6.4
4420,-1,X686.3_7.7
18759,1187,X686.3_8.8
17152,-1,X686.9_3.1
23554,-1,X687.2_4.3
22104,-1,X687.2_6.1
24566,390,X687.3_7.9
6829,-1,X687.4_5.8
4299,-1,X687.4_8.7
20731,476,X687.8_4.9
11015,222,X687.9_4.8
11142,354,X688.2_0.9
10419,109,X688.2_4
3682,-1,X688.2_4.1
7665,222,X688.3_4.5
4295,1940,X688.9_4.6
23275,476,X689_4.9
3851,547,X689_5.2
4080,-1,X689.2_3.6
27855,-1,X689.2_4
6747,567,X689.3_5.8
3022,-1,X689.5_4
3051,-1,X689.9_3.6
6114,547,X689.9_5.1
8937,-1,X690.2_3.6
5584,-1,X690.2_4
5895,-1,X690.3_5.5
1153,930,X690.3_7.7
7990,-1,X690.3_8.5
13549,-1,X690.4_6
8121,930,X690.7_7.7
5719,-1,X691.1_6
3332,514,X691.3_4.4
7310,-1,X691.4_7.7
3089,797,X691.8_4.1
11340,465,X692.5_6.2
6512,-1,X693_5.2
9734,2241,X693.1_4.9
4805,-1,X693.2_4.8
9634,-1,X693.2_5.4
888,-1,X694.2_5.2
3086,178,X694.7_4
4719,409,X694.8_5.6
3156,-1,X695_3
5988,-1,X695_3.4
2901,-1,X695_4.5
4759,-1,X695.4_5.8
1448,-1,X695.4_8.5
7767,3,X695.5_6.9
4522,-1,X696_3.1
6560,-1,X696.1_4.8
849,-1,X697_3
8572,-1,X697_3.8
15646,289,X697_4.3
5105,-1,X697.3_5.4
8686,1024,X697.3_7.8
5015,230,X697.4_5.1
8662,3,X697.4_6.4
8655,-1,X697.4_7
21710,410,X697.7_2.8
12075,-1,X697.7_5.7
21864,-1,X697.7_8.1
7894,-1,X698_4.3
8683,1024,X698.3_8
15513,211,X698.7_3.1
997,-1,X698.8_4.4
1480,-1,X699.1_6.4
24213,-1,X699.2_2.3
4948,5,X699.3_7.5
15650,230,X699.4_5.4
15583,-1,X699.4_7.9
20981,-1,X699.6_7.5
21068,-1,X699.7_2.2
13346,-1,X699.9_3.6
17078,-1,X700_8
16888,1280,X700.2_7.1
4799,-1,X700.4_2.8
16908,-1,X700.4_7.6
3906,-1,X701.1_4.3
6884,-1,X701.1_5.7
15433,-1,X701.2_3.6
15649,-1,X701.4_2.8
4096,-1,X701.5_3.9
4431,-1,X701.9_2.8
9096,-1,X701.9_4.8
3883,-1,X702.1_3.9
8575,-1,X702.2_4.3
9195,-1,X702.3_4.7
14587,105,X702.6_3.6
21895,-1,X702.7_4.8
5332,-1,X702.8_2.7
11409,2002,X703.1_4.5
10080,-1,X703.2_5
25487,-1,X703.3_5.7
12097,1155,X703.3_7.2
5686,-1,X703.9_4.3
9160,-1,X704_3.1
5966,-1,X704_4.2
5905,-1,X704_5.2
15386,-1,X704.3_8
12482,930,X704.5_7.8
13259,2447,X705.1_3.3
8966,83,X705.3_4.3
12269,-1,X705.3_7.4
11187,1851,X705.9_3.3
952,-1,X706.1_5.8
13473,-1,X706.8_6
16787,912,X706.9_2.4
15855,-1,X707.2_3.5
22081,-1,X707.3_6.2
1277,18,X707.9_4.6
22304,608,X708.3_9.2
14749,1523,X708.4_7.7
3209,-1,X708.4_8.5
8782,-1,X709.2_9.3
22749,486,X709.3_6.7
7866,-1,X709.3_8.4
7877,-1,X709.4_7.9
7219,1956,X710.1_4.8
19037,-1,X710.1_6.8
4716,-1,X710.8_3.1
11618,1956,X710.9_4.6
4149,-1,X711_3.4
913,409,X711.4_5.6
13508,-1,X712.6_2.7
11435,207,X712.8_3.6
11256,-1,X713.2_3.1
5852,-1,X713.2_4.1
6152,-1,X713.2_6
7331,-1,X713.4_5.2
6146,-1,X713.5_7.7
13180,-1,X713.9_2.7
7182,1174,X714.1_6
4809,1394,X714.4_5.1
1490,-1,X714.5_8
962,-1,X715.9_4.6
893,-1,X716.2_3.2
26803,-1,X716.2_5.6
4740,539,X716.3_5.8
6925,-1,X716.3_7
7994,-1,X716.3_7.6
20597,-1,X716.6_2.7
13236,-1,X717.2_4.8
7914,-1,X717.3_5.6
23176,-1,X717.4_8.7
9068,-1,X718.2_4.2
11105,-1,X718.4_7.9
16375,207,X718.8_3.6
16882,207,X719.3_4
7961,1472,X720.3_8.7
15381,149,X721_4.4
5158,-1,X721_5.3
3723,251,X721.2_5.1
11190,1472,X722.5_8.4
914,-1,X722.6_4.5
21447,-1,X722.6_4.8
17407,251,X722.8_6.2
10051,251,X723.1_5.9
4902,251,X723.2_6.2
13984,-1,X724.1_5.4
14123,251,X724.2_6.2
22236,-1,X725.6_5.9
3482,1774,X725.6_7.8
23503,1024,X725.6_8.4
20807,-1,X725.8_4.3
24049,-1,X726_3.3
954,379,X726.1_5.6
22552,-1,X726.1_7.6
15099,1774,X726.2_8
3163,-1,X726.5_4.6
20801,-1,X726.6_3.4
3194,379,X727_5.6
9850,-1,X727.3_5.1
1612,797,X727.7_4.3
24137,-1,X728.1_2.8
1727,-1,X728.4_4.4
12719,-1,X728.9_6
10607,105,X730.3_3.6
3548,-1,X730.7_4.5
14070,-1,X732.2_5.5
7988,-1,X732.3_3.6
20122,-1,X732.8_7.7
8033,-1,X733_3.8
4171,-1,X733_8
8719,236,X733.4_8.7
18287,528,X733.8_4.2
15706,105,X734_3.7
16760,257,X734.5_8.1
17024,719,X734.6_3
17487,105,X735_3.7
8023,2020,X735.1_5.2
5916,-1,X735.4_4.3
16383,257,X736.5_6.9
9035,-1,X736.7_3.7
11838,-1,X736.7_4.6
19427,-1,X737_2.6
10990,-1,X737_4.6
4035,207,X737.2_3.6
3644,-1,X737.3_4.7
15648,448,X737.3_6.9
4768,-1,X737.4_8
30315,-1,X737.6_5.8
5496,205,X739.1_5.1
30353,-1,X739.1_8.8
20708,-1,X739.6_8.7
11153,354,X741.2_1.3
4755,-1,X741.3_4.7
2863,-1,X741.8_3
3164,-1,X742.2_8.1
8067,-1,X742.3_7.8
4957,514,X743.3_5.4
16204,422,X744.4_8.5
20464,-1,X744.5_5.4
2869,-1,X744.6_5.2
12219,-1,X745_5.5
20187,-1,X745.3_6.1
21641,-1,X746.3_3.4
21194,-1,X746.3_4.9
7656,967,X746.3_5.4
21255,257,X746.4_8.1
12300,236,X746.4_8.8
8614,-1,X746.9_3.4
8456,25,X747.1_4.7
8529,361,X747.1_5.4
11103,-1,X747.5_3.7
22772,375,X747.5_6.5
8646,25,X747.8_4.1
4748,719,X747.9_3.3
20609,-1,X748.3_3.7
4001,25,X748.3_4.3
10491,1095,X748.5_7.6
3972,-1,X748.8_3.7
3847,509,X749_4.3
2712,-1,X749.3_5.2
11494,-1,X749.4_6.4
11495,-1,X749.4_6.8
31359,-1,X749.7_4.3
12121,-1,X750_7.1
4764,-1,X750.5_5.3
3833,223,X751.1_3.4
1016,509,X751.1_5.3
27963,-1,X752.8_7.7
9058,248,X753_5.9
5595,-1,X753.1_4.2
13246,1228,X753.8_4.3
8019,-1,X754.2_9.5
7789,251,X754.3_4.7
4723,-1,X754.3_4.9
21142,706,X754.3_6.5
5509,102,X754.8_3.7
7442,-1,X755_5.3
8903,25,X755.1_3.6
4736,-1,X755.2_5
17095,223,X755.4_3.8
21196,1187,X755.4_8.6
9679,1024,X755.5_8.1
17774,-1,X755.9_4
7979,-1,X756.2_5.5
6309,-1,X756.3_5.9
18835,-1,X757_8.3
14674,248,X757.1_5.2
22306,248,X757.1_5.5
24734,-1,X757.9_1.3
19274,-1,X758.4_4
13869,-1,X758.4_6.7
11333,-1,X758.5_6.9
18684,2467,X758.5_9.6
12550,-1,X758.8_4
3325,18,X759.3_5.6
8148,-1,X759.4_6.3
4896,-1,X759.5_6.9
6706,18,X760.2_5.6
7910,-1,X760.8_3.1
14101,-1,X761.1_3.1
9286,-1,X761.2_2.7
14443,868,X761.2_6.5
19009,-1,X761.3_6.3
16078,257,X761.3_8.5
22538,-1,X761.9_8.7
3311,-1,X762.2_3.1
22614,-1,X762.3_2.5
5811,-1,X762.4_5
3221,-1,X762.5_6.4
5964,-1,X762.9_3.1
11259,-1,X763.1_1.3
3709,514,X763.1_4.8
8418,18,X763.4_5.5
3416,375,X763.4_5.9
10808,-1,X764.1_9.3
1565,-1,X764.4_4.2
5245,-1,X764.5_3.7
8116,25,X765_4.2
15470,375,X765.2_5.3
21075,-1,X765.9_4
15552,-1,X765.9_5.5
4132,-1,X766_3.8
16752,-1,X766.5_4
13338,-1,X767.1_4.7
11802,-1,X767.2_3.9
13272,-1,X767.4_8.5
1134,-1,X768.4_7.8
11830,706,X768.5_6.8
11111,257,X768.7_8.5
6828,760,X770.2_4.5
987,-1,X770.2_7.2
1314,-1,X770.2_7.6
8776,-1,X770.5_8.3
10787,2414,X771.1_6.6
1146,-1,X771.4_8.3
10299,-1,X772.3_8.5
6469,-1,X772.5_5.3
20098,-1,X772.9_5.5
22871,-1,X773_7.2
8281,-1,X773.1_4.6
13387,-1,X773.2_3.6
10634,18,X773.2_5.9
10295,947,X773.2_6.2
13311,-1,X773.5_3.8
20827,25,X773.5_5
20904,2241,X773.6_5.3
6504,-1,X774.5_5.3
13439,-1,X774.5_7.6
7943,-1,X775.1_5
18749,-1,X775.8_8.1
17980,-1,X776.4_6.4
4248,-1,X776.5_4.2
15081,-1,X776.7_4.7
4213,-1,X777.1_4.1
4275,-1,X777.2_3.8
6161,-1,X777.4_5.8
18865,-1,X777.7_3.7
7931,-1,X777.9_3.1
8483,-1,X778.2_5.8
8493,-1,X778.3_5.5
12079,577,X778.3_7.1
2847,-1,X778.5_3.6
2761,1095,X778.7_8.4
5844,-1,X779.1_3.7
3716,-1,X779.2_6
8190,-1,X779.4_4
12513,-1,X780.1_3.7
3763,-1,X780.1_4
8391,1408,X780.2_4.8
8433,1408,X780.2_5.9
21870,-1,X780.2_8.7
25909,-1,X780.9_4.9
7207,-1,X781.2_4.8
5488,205,X781.3_5.5
9474,448,X781.4_6.2
9516,-1,X781.9_3.6
20142,-1,X782_4.8
8405,-1,X782.1_5.3
8784,-1,X782.2_3.4
8409,1408,X782.2_5.4
11981,-1,X782.5_6
2963,-1,X782.5_7.9
15156,-1,X782.6_9.6
12246,-1,X782.7_3.6
14897,443,X783.3_6.4
28174,443,X783.8_6.5
8267,-1,X784.1_3
1525,493,X784.2_5.2
3853,938,X785.2_5.1
14185,-1,X785.3_6.8
5311,-1,X785.3_7.6
10896,265,X785.4_8.5
11853,493,X786.2_5.1
16909,-1,X786.2_5.4
3508,-1,X786.6_4.3
15942,-1,X786.9_6.1
12105,-1,X787.1_4.3
15405,675,X787.2_4.8
15337,18,X787.2_6.4
10487,220,X787.4_8
10475,-1,X788.2_6.4
10511,-1,X788.5_4
9844,1500,X788.5_6.7
16230,-1,X788.5_7.7
12713,248,X788.9_5.3
19133,-1,X789_4
15455,1500,X789_6.4
3243,-1,X789.4_8.5
14654,-1,X790.1_8.4
25988,-1,X790.3_6.8
9791,-1,X790.3_8
11895,378,X790.3_8.8
12368,-1,X791.5_3.9
12735,-1,X792.2_3.9
13395,-1,X792.5_3.8
20072,-1,X792.9_4
8984,-1,X793.4_3.9
6104,174,X793.6_8.5
10654,-1,X793.8_3.4
20143,174,X793.8_7.9
2762,-1,X793.9_3.6
18776,-1,X794.1_3.9
10452,-1,X794.4_5
7699,-1,X795.3_5.3
20113,448,X795.3_6.6
12630,-1,X795.9_8.1
19331,-1,X796_4.1
26485,-1,X796.2_6.4
12249,-1,X796.7_3.7
24743,-1,X797.1_1.9
12587,-1,X797.1_3.7
4129,-1,X797.1_3.9
1718,-1,X797.7_3.9
22634,-1,X797.9_2.9
14625,-1,X798.9_5.8
14403,-1,X799.3_6.4
3294,83,X800.2_5.3
18825,-1,X800.4_6.3
5599,-1,X800.4_7.5
30371,-1,X800.4_7.8
3310,-1,X800.4_8.3
21150,-1,X800.5_2.2
29628,-1,X800.8_2.5
23768,700,X801_5.5
11139,-1,X801.3_8.1
5464,-1,X801.6_8.2
22209,-1,X802.2_5.3
6944,706,X802.4_6.4
7358,-1,X802.6_6.1
18214,-1,X802.9_8.1
3803,223,X803.2_4.2
4018,-1,X803.3_6.7
9362,-1,X803.5_7
17501,-1,X803.7_5.2
8718,-1,X804_4
5542,-1,X804.2_5.3
5759,-1,X805.2_5.8
6259,254,X805.2_6.4
6123,-1,X805.4_3.7
18368,254,X805.7_6.4
6248,-1,X805.7_8.3
12635,-1,X805.8_5.6
6016,-1,X806_3.7
7243,-1,X806.9_5.7
3720,448,X807.2_6.9
16389,-1,X807.5_3.8
7992,-1,X808_3.9
17603,-1,X808_5.7
14223,-1,X808.4_7.6
5594,448,X809.2_6.9
5690,1144,X809.4_6.4
19426,650,X809.4_8.2
3074,-1,X809.8_3.9
15463,-1,X809.9_7.2
13474,-1,X810.4_4
9364,-1,X811.7_6.6
14976,577,X811.7_7.8
7072,-1,X812_4.8
13381,760,X812.3_5.1
18907,133,X812.4_6.5
24234,-1,X813.1_6.7
8246,-1,X813.2_3.4
8266,-1,X813.4_4
10678,1444,X813.4_4.7
9015,-1,X813.8_3.5
9231,1444,X814_4.7
10694,-1,X814.1_7.6
20209,639,X814.5_6.2
5511,-1,X815.1_5.8
1123,700,X815.6_5.8
28301,-1,X816.2_3.6
7051,1270,X816.3_7.3
6730,706,X816.4_6.5
7299,706,X816.4_6.9
16144,-1,X817.1_4
23849,1270,X817.1_7.3
4068,-1,X817.2_3.6
21148,-1,X817.5_2
21149,-1,X817.5_2.2
10509,254,X818.2_7.1
21925,639,X818.5_6.6
24166,-1,X818.7_6
17979,-1,X818.9_5
20413,-1,X819.3_7.8
10975,-1,X819.6_8
12276,-1,X820.1_3.9
9912,-1,X820.4_6.5
10004,-1,X820.4_8.6
12893,-1,X820.6_3.3
22706,-1,X820.6_4.1
30308,254,X820.6_6.9
4063,-1,X821.2_3.8
8650,-1,X821.3_6
4050,448,X821.4_7.1
3998,1144,X821.4_8.3
8853,-1,X821.8_3.8
4262,-1,X822_3.6
9736,-1,X822.1_5.8
4573,937,X822.2_6.1
14577,-1,X822.2_7.6
30257,-1,X822.6_5.9
29240,493,X822.7_6.4
21909,-1,X822.8_6.1
8994,-1,X823_5
9221,-1,X823.1_4.7
20069,-1,X823.4_5.6
7470,-1,X824.2_5.5
1399,-1,X824.4_7.9
13050,448,X825.3_5.6
20236,-1,X825.6_7.1
6204,-1,X826.3_3.3
13315,-1,X827.1_6
8205,-1,X827.1_6.9
5405,133,X827.6_7.4
10276,-1,X828.4_7.8
14952,378,X828.4_8.7
23991,-1,X828.6_5.9
9653,-1,X828.8_6.1
13226,-1,X829.1_4.3
18886,-1,X829.2_5.9
17773,557,X830.4_4.7
16187,-1,X831.2_7
5193,639,X832.1_7.1
26590,-1,X832.2_5.8
3335,-1,X832.4_5.4
8259,-1,X833_5.4
24126,-1,X833.1_5.9
15050,-1,X833.8_3.7
691,-1,X834.3_5.1
23422,-1,X834.7_4.3
13287,-1,X834.8_5.1
4434,639,X835.5_6.9
10960,-1,X836.1_3.7
20540,-1,X836.6_2.7
7279,-1,X836.6_4.3
17253,448,X837.7_6.8
8095,-1,X838.3_6.8
10505,-1,X838.5_4.8
17086,-1,X838.7_6.1
18777,937,X838.9_5.8
8030,-1,X839_3.5
10693,-1,X839_5
9847,-1,X839.4_8.1
9881,-1,X839.6_6.5
4746,-1,X840.4_8
29616,-1,X840.5_1.7
17742,706,X841.5_6.3
19522,-1,X841.5_6.8
4535,58,X841.5_7.2
20149,-1,X842.1_6.1
5160,639,X842.5_7.1
29774,-1,X842.5_7.3
4911,-1,X842.5_7.6
21133,-1,X842.6_5.9
19150,-1,X843.5_3.6
15512,-1,X843.5_4.5
6434,-1,X844.1_5.4
17607,-1,X844.2_6.2
10899,-1,X844.3_9.4
8252,-1,X844.4_8.3
3948,-1,X845.3_4.2
3527,-1,X845.5_5.5
14660,-1,X845.5_6.1
15730,-1,X845.9_5.8
3562,-1,X846_6.1
4813,-1,X846.4_5.7
10034,-1,X846.5_6.2
14252,-1,X846.9_5.8
11274,-1,X847.1_4.3
6613,363,X847.2_6.1
17632,-1,X847.9_6
12089,-1,X848.3_5.3
6750,-1,X848.4_4.7
9906,-1,X848.5_6.6
3326,-1,X848.8_4.6
24044,-1,X848.9_4.3
21617,-1,X849.1_5.9
11969,-1,X849.2_4.7
18010,639,X849.4_7.3
18025,639,X849.4_7.6
19248,-1,X849.8_5.9
13183,-1,X851.1_5.9
16933,-1,X851.6_3.3
17456,1058,X851.6_9
13372,-1,X852.8_3.4
24545,-1,X852.8_5.9
15981,-1,X852.9_4.2
10809,-1,X853.1_5.1
12551,-1,X853.4_5.7
20750,-1,X853.5_2.7
20535,-1,X853.6_2.7
8027,-1,X853.7_4.2
8312,-1,X854.3_4.3
17693,-1,X854.3_5.9
5241,-1,X854.3_9
3657,-1,X854.8_4.3
17257,-1,X855_4
5208,-1,X855.2_4.3
6084,706,X855.3_6.1
30047,-1,X856.2_9
2871,-1,X856.5_8.1
18060,-1,X856.9_6.7
30182,-1,X857.5_1.6
21621,-1,X858.7_2.8
8345,-1,X859_5.9
20867,-1,X859.5_1.1
20976,-1,X859.6_9
23854,-1,X860.1_1.1
3312,-1,X860.5_4.7
20383,-1,X860.9_3
12527,315,X861_4.9
2908,236,X861.4_8.9
18241,-1,X862_5
19449,28,X862.3_6.6
25053,-1,X862.4_3.2
15443,-1,X862.5_3.9
15663,-1,X862.9_3.4
9145,-1,X863.9_3.4
26468,-1,X864.3_7.6
11145,-1,X864.4_8.4
19438,-1,X864.9_6.2
21282,-1,X865.1_2.7
22606,-1,X865.4_7
7462,1122,X865.4_7.5
7321,-1,X865.5_4.7
21241,-1,X865.6_3.3
3329,-1,X865.9_4.7
20709,-1,X866.2_3.4
20691,1122,X866.2_6.8
20501,1122,X866.5_6.8
10672,-1,X866.9_3.4
26016,-1,X867.6_3.4
11206,-1,X869.2_8.3
27665,-1,X869.3_2.7
8836,1122,X869.3_6.8
10162,1122,X869.8_6.7
3331,-1,X870.8_4.7
9319,-1,X871.4_4.6
21132,511,X871.4_8.4
14065,378,X872.4_8.7
17014,378,X872.4_9
21466,378,X872.4_9.5
9913,-1,X873.3_7
9852,130,X873.4_7.3
16163,-1,X873.5_6.1
3672,-1,X873.6_4
16224,-1,X874.1_5
16250,378,X874.4_8.8
11109,30,X874.5_8.5
10719,-1,X875.6_9.5
4370,315,X875.8_5.1
6892,891,X876.4_8
22454,-1,X876.5_4.5
20389,-1,X877.4_6.9
12906,-1,X877.5_2.8
1531,-1,X877.5_7.8
7221,-1,X878_4.8
16798,-1,X878_8.5
9846,-1,X878.3_6.3
30386,-1,X878.5_8.6
22127,-1,X878.9_5
18862,-1,X879_6
9109,-1,X879.2_4.7
13435,-1,X879.3_5.1
6118,-1,X879.6_3.8
15339,942,X879.6_7.9
15342,942,X879.6_8.7
6203,-1,X879.8_4.9
13457,-1,X879.9_3.3
950,-1,X880.1_5.3
3968,-1,X881_4.6
3714,1122,X881.3_6.6
3824,-1,X881.5_8.4
4196,-1,X881.6_5.2
19978,-1,X881.9_6.8
14298,-1,X882_1.8
9918,1315,X882.6_6.8
12760,-1,X882.9_5.3
3680,-1,X883.2_6.1
16339,1151,X884.5_8.5
8999,-1,X884.7_3.8
15441,-1,X884.8_6.2
19637,-1,X885_5.5
3421,-1,X885.1_4.1
5013,-1,X885.1_5.8
3760,-1,X885.1_8.5
14477,-1,X885.5_8.5
16214,-1,X885.5_8.7
8403,-1,X885.9_4.2
5377,-1,X886.3_8.7
21813,-1,X886.5_3.7
8297,-1,X886.6_4.1
3353,58,X886.6_8.3
18659,121,X886.7_6.8
27638,-1,X887_6.1
13981,-1,X887.8_3.3
3333,121,X888.1_6.7
15338,-1,X888.3_9.5
7116,-1,X888.8_6.3
17313,45,X890.3_8.4
24373,-1,X890.3_8.8
19995,-1,X891.1_5.3
12132,961,X891.3_5
17395,174,X891.6_9.5
13046,398,X892.4_6.9
4749,2485,X892.7_8.5
28176,-1,X893.2_6.1
3726,1462,X893.4_6.7
4840,174,X893.6_9.5
8329,-1,X893.9_4
8318,-1,X894.2_6.7
18211,-1,X894.5_8.5
18864,-1,X894.6_3.7
8298,-1,X894.7_4
11127,-1,X894.7_8.7
22665,-1,X894.8_3.4
10586,-1,X895.1_3.7
16940,-1,X895.2_8.6
14357,-1,X895.3_2.4
9947,-1,X895.7_7.2
1148,-1,X896.1_5.2
9898,493,X896.2_6.2
19468,305,X896.3_8
17482,-1,X896.6_5.2
17981,58,X896.6_7.6
6989,-1,X896.7_8.1
20145,-1,X897_5.2
15956,-1,X897.4_5.2
11880,-1,X898.4_5.3
15969,378,X898.6_8.3
1601,-1,X899.2_5.4
9939,130,X899.5_7.6
9495,58,X899.7_8.7
14100,-1,X899.8_3.3
13848,-1,X900_6.7
24187,-1,X900.6_5.4
5784,-1,X901.1_5.4
13203,121,X901.5_7
13263,-1,X902.4_5.2
8111,-1,X902.4_6.6
4170,-1,X903_5.3
7329,469,X903.1_6.2
7465,469,X903.1_7.6
3626,-1,X903.6_8.7
4399,-1,X904_5.9
10197,174,X904.2_8
13887,912,X904.2_8.4
8554,121,X905_6.7
7153,1122,X906.4_6.7
11294,-1,X906.8_8.4
8031,236,X907.5_7.6
21077,-1,X907.7_3.3
21375,-1,X907.7_5.2
4218,-1,X907.9_5.7
23102,236,X908.4_8.9
16856,-1,X908.5_8.6
16912,-1,X908.9_3.4
17025,-1,X909.4_3.4
20283,-1,X909.6_5.5
9541,-1,X910.2_5.6
3151,-1,X910.5_8
18215,30,X910.6_7.7
5403,-1,X911_6.8
8013,-1,X911.3_7.4
19975,-1,X911.6_6.7
23922,-1,X911.7_8.8
10562,-1,X912.2_4.7
17410,-1,X912.3_9.1
3800,-1,X912.8_4.6
6155,213,X913.2_8.5
20154,-1,X913.5_5.3
6653,-1,X913.5_8.3
9535,-1,X913.6_6.8
24178,-1,X913.8_9.5
6405,-1,X914_4.3
11590,-1,X914.1_5.2
8856,25,X914.3_6.8
11697,45,X914.3_8.6
4186,45,X914.5_7.7
9407,-1,X914.5_8
3892,62,X914.9_6.9
14532,-1,X915_4.7
29772,45,X915.7_7.8
6604,-1,X915.9_6.9
28225,-1,X916.3_9.5
9545,-1,X916.4_5.8
2812,-1,X916.4_8.7
11114,-1,X916.5_9
8188,58,X916.6_6.5
3528,-1,X916.6_6.8
30079,-1,X917.1_6.4
8192,174,X917.6_8.3
10855,174,X917.7_9.5
5798,142,X918.4_5.2
1678,142,X918.4_5.3
15016,-1,X919_5.1
11997,-1,X919.4_5.2
3561,-1,X919.6_8.6
24518,174,X919.7_7.7
22380,-1,X919.9_5.4
10874,-1,X919.9_7.4
16388,-1,X920.3_5.2
850,-1,X920.3_5.9
10570,236,X920.4_8.4
11113,-1,X920.6_8.6
7178,492,X921.5_5.3
8224,585,X921.5_7.6
9413,236,X921.7_8.6
14016,492,X921.8_5.2
10285,-1,X922.4_7.2
3390,58,X922.5_7.9
10091,58,X922.5_8.4
17962,-1,X923.2_8.6
11427,-1,X923.3_7.3
17240,58,X923.4_7.7
9031,-1,X923.8_3.5
7840,-1,X924.1_5
7476,-1,X924.8_4.7
800,-1,X924.9_4
15401,-1,X925.1_4.4
17527,-1,X925.1_5.3
15508,-1,X925.2_6.5
17613,130,X925.4_7.8
17988,-1,X925.9_6.6
9901,-1,X926.3_6.3
9991,130,X926.5_7.7
10571,-1,X926.8_6.5
22071,-1,X927_4.4
30786,-1,X927.6_4.7
20683,-1,X927.8_8.6
4358,121,X928.4_6.6
16637,-1,X928.5_7.4
3629,-1,X928.6_8.7
10833,-1,X928.7_4
15925,-1,X929.3_8.8
16812,-1,X930_7.3
1505,2667,X930.3_5.5
1605,2667,X930.4_5.2
1620,87,X930.4_8.7
4365,58,X930.5_6.9
18478,-1,X930.5_9
17337,-1,X930.6_4.3
14498,-1,X930.7_3.7
15557,-1,X930.8_3.4
14462,-1,X931.1_4.3
21327,-1,X931.5_3.4
5796,-1,X932.3_5.1
1464,-1,X932.6_5.1
23070,-1,X934.1_7.9
27962,-1,X934.4_6.4
19466,-1,X934.4_7.3
3230,-1,X934.4_7.7
3246,-1,X934.4_8
29783,-1,X934.4_8.7
26384,-1,X934.5_8.2
20886,1262,X934.7_8.4
10779,-1,X934.9_4.2
3378,-1,X935_4.6
951,674,X935.2_5.2
13667,-1,X935.2_6.5
30149,-1,X935.2_7.3
11107,-1,X935.5_4.4
13477,-1,X935.8_5.6
4817,152,X936.4_5.2
23937,-1,X936.7_8.8
3201,-1,X936.8_5.5
3258,152,X937.2_5.2
10096,-1,X937.3_6.9
11151,-1,X937.5_9
13085,-1,X938.1_7.3
11183,-1,X938.8_6.4
945,-1,X938.9_8
17488,213,X939_8.1
2909,410,X939.4_8
10277,-1,X939.6_7.9
3879,202,X939.6_8.5
10886,585,X939.6_8.7
4829,-1,X939.8_4.3
12629,585,X939.8_8.1
4244,-1,X939.9_5
30317,585,X939.9_8.4
7382,-1,X940.7_6.2
7350,62,X940.7_7.2
1534,-1,X940.7_8.5
17678,-1,X941.1_6.2
19442,-1,X941.6_6.6
14947,585,X941.7_8.7
4762,-1,X942.3_6.1
11108,58,X942.6_7.6
9853,493,X942.7_5.6
891,-1,X942.7_6.1
18221,-1,X942.7_7.1
3460,-1,X943.2_6.1
15713,-1,X943.9_6.1
8820,-1,X944.5_6.8
11106,58,X944.5_7.2
15158,385,X944.5_8.1
10773,1687,X945.6_8.9
4842,-1,X945.8_6.8
17469,-1,X946.1_4.4
4549,-1,X946.9_3.4
1107,674,X947_5.6
6806,-1,X947.2_6.8
30157,674,X947.3_5.2
1720,-1,X947.4_6.5
1732,-1,X947.6_5.4
18079,-1,X947.6_7.7
10686,-1,X947.9_3.4
10614,-1,X948.7_4.4
12402,-1,X949.2_4.2
18738,674,X949.3_5.2
19714,-1,X951_5.4
6410,1262,X951.5_8.6
20197,-1,X952.3_7.2
12514,-1,X952.9_3.9
22857,-1,X953_5.3
3250,-1,X953.3_6.8
10182,-1,X954.4_6.5
24720,-1,X954.5_4.1
11593,-1,X954.6_7
18318,-1,X954.8_4
3901,-1,X955_6
2726,-1,X955.1_5.6
4958,-1,X955.3_6.5
19284,-1,X955.4_4
14571,-1,X955.4_6.8
18728,-1,X957.5_6.5
8210,-1,X957.6_5.8
7967,-1,X958_4
13805,-1,X958.3_5.8
14643,-1,X959.1_6.7
5353,-1,X959.8_3.9
10362,58,X960.6_6.4
24351,405,X960.6_6.6
6759,-1,X961.8_6.6
873,-1,X962.1_5.4
9894,-1,X962.4_6
20761,-1,X963.1_6.6
23383,674,X963.4_4.9
24459,-1,X963.6_6.4
1213,-1,X964.1_6.4
9958,-1,X964.5_5.8
23565,-1,X964.5_8.7
10682,-1,X964.6_8
9976,-1,X964.8_7.3
8460,-1,X965.1_5.8
15809,674,X965.3_4.7
15792,674,X965.4_4.5
11894,-1,X965.4_4.9
18148,25,X965.4_7.4
14723,-1,X966.3_6.5
10177,-1,X966.7_8.1
6181,-1,X967_6.5
3481,-1,X967_7.3
4513,-1,X967.6_7.2
29255,-1,X967.6_9.5
5114,405,X967.8_6.5
4569,363,X967.9_6
17357,83,X968_5.3
3694,405,X968_6.8
19680,-1,X969.1_7.1
8362,-1,X969.4_5
8684,-1,X970.1_6.8
7355,-1,X970.9_6.1
3486,-1,X971.1_5.7
20844,-1,X971.5_6
20835,807,X972.1_4.9
9862,-1,X972.3_5.6
20745,-1,X972.4_6.5
6724,-1,X972.7_5.7
11496,-1,X973.2_4.7
3056,-1,X973.2_5.7
3115,-1,X973.2_6.7
5249,-1,X973.9_5.7
21569,1250,X974_6.4
5276,-1,X974_6.7
15827,-1,X974.5_6.8
11397,-1,X974.9_8.5
15759,-1,X975_5
10020,363,X975.3_5.8
13297,363,X975.3_6.7
7064,-1,X975.6_6.1
7105,-1,X975.7_6.4
14620,-1,X976.2_3.8
7039,-1,X976.2_6
22339,-1,X976.2_8.2
19445,2140,X976.5_6.2
3019,-1,X976.6_5.2
3001,410,X977.3_5.2
28054,-1,X977.4_6.6
5269,363,X977.6_6.1
20043,-1,X978.8_6.2
1139,-1,X978.9_6.6
9004,-1,X979_4.7
23970,-1,X979.6_4.9
23630,-1,X980.1_4.8
9854,493,X980.3_5.8
20017,-1,X980.3_6.3
1380,1336,X980.5_8.5
13373,-1,X981_3.4
1756,363,X981.3_6
23760,363,X981.4_6.5
22106,439,X981.7_8.1
4914,-1,X981.9_6.1
14598,-1,X982.8_5.4
24055,363,X983.1_6.1
5335,-1,X983.4_6.9
5004,-1,X983.5_6
1573,-1,X983.6_6.3
5009,-1,X983.9_6.6
9994,-1,X984.6_6
13472,-1,X984.7_5
17714,-1,X985.1_4.8
19591,-1,X985.1_6.1
6901,405,X985.5_6.6
7179,-1,X986.1_5.3
11580,807,X986.2_5
1597,-1,X986.7_4.9
10053,-1,X986.9_4.4
13760,405,X986.9_6.6
13684,-1,X987_5.7
15791,-1,X987.1_5
17905,-1,X987.4_6.7
1160,30,X987.4_8.4
14061,-1,X988.8_4.9
26503,363,X990.1_5.9
5180,363,X990.3_5.6
2842,-1,X990.6_6
2782,-1,X990.6_6.2
20094,-1,X990.9_5.1
830,-1,X991.2_6.2
2872,-1,X992_6.1
4926,-1,X992.2_6.6
18751,2140,X992.5_6
3541,2140,X992.6_5.7
11529,-1,X993.6_8.7
5033,-1,X993.7_6.3
8700,-1,X993.8_4
21667,806,X994.4_5.1
11133,-1,X994.6_5.7
10288,-1,X994.6_6.3
11605,806,X994.7_5
12723,-1,X996.9_5.3
9818,-1,X997.8_5.9
4965,-1,X998.3_6
6001,-1,X998.7_8.1
23789,-1,X998.8_6.2
17844,-1,X999_5.9
5121,-1,X999.6_6
18403,62,X999.6_8.9